,工作标题,工作链接,工作地点,薪资,年限,学历,公司名,公司链接,公司行业,融资情况,人数,标签,福利
0,数据分析师,/job_detail/0f66998598220d0f1XV-3tm1EVBQ.html,武汉·江夏区·关山,18-35K,5-10年,本科,绿盟科技,/gongsi/56fcc3e5c3f3939d1Xd929q4.html,信息安全,已上市,1000-9999人,"['Python', '数据', '分析师']",年终奖，节日福利，员工旅游，带薪年假，定期体检，餐补，通讯补贴，补充医疗保险，股票期权，加班补助，五险一金，年假递增
1,数据分析师,/job_detail/3442b39b4927902f1nR72dy4FVFV.html,武汉·江夏区·光谷,8-10K·13薪,3-5年,本科,武汉海云健康科技...,/gongsi/0bd21660933bdb471XB529i-Eg~~.html,医疗健康,A轮,100-499人,"['数据分析', '数据挖掘', '网络爬虫技术', 'Excel', 'SPSS', 'Tableau', 'BI', '大数据']",加班补助，带薪年假，节日福利，股票期权，零食下午茶，年终奖，补充医疗保险，五险一金
2,数据分析师,/job_detail/751f7111128920511nBz29S9GVVQ.html,武汉·江夏区·光谷,8-13K·13薪,3-5年,本科,乐薇,/gongsi/b4a54ca2d13eb3d81HB-2du7.html,互联网,未融资,100-499人,"['SQL', 'Python', 'Excel', 'Tableau', 'Hive', '数据分析', '大数据']",五险一金，节日福利，零食下午茶，年终奖，员工旅游，带薪年假
3,数据分析师,/job_detail/29c52f9a8ce797221XR43Ni4EFpQ.html,武汉·洪山区·光谷,8-13K,1-3年,本科,Finger Art,/gongsi/fc994c9b02cec9543ndz2ti1Fg~~.html,游戏,不需要融资,100-499人,"['数据分析', '数据挖掘']",五险一金，餐补，员工旅游，节日福利，年终奖，定期体检，补充医疗保险，零食下午茶，交通补助，带薪年假
4,数据分析师,/job_detail/803587ad69031e1e0Hd_3Ni7FVo~.html,武汉,5-10K,经验不限,本科,武汉众娱,/gongsi/bf7c3b6f50d8e6061nx73t-4.html,游戏,不需要融资,100-499人,"['数据分析', '数据挖掘', '商业分析']",全勤奖，员工旅游，五险一金，年终奖，带薪年假，节日福利，股票期权，定期体检，零食下午茶
5,数据分析师,/job_detail/0bab76bd60ad8d9e1nV539m-E1dW.html,武汉,7-12K,1-3年,本科,天喻教育,/gongsi/1dda4cfabeee26081X182dk~.html,在线教育,已上市,1000-9999人,"['数据分析', 'SQL', 'Tableau', 'Excel', 'Power BI', '教师', '数据运营']",电脑笔记补贴，股票期权，带薪年假，节日福利，餐补，员工关爱基金，驻外津贴，年终奖，免费班车，五险一金，交通补助，免费中餐，通讯补贴
6,数据分析师,/job_detail/64f95726d22b7cf633x93N25FVM~.html,武汉·江夏区·藏龙岛,5-8K,经验不限学历,不限,百奥维凡,/gongsi/1d85fbd4955e23ca0nF4392_Fw~~.html,其他专业服务,,0-20人,"['数据挖掘', '数据分析', 'Python', 'Java', 'Shell', 'C#', 'Perl', 'R']",
7,数据分析师,/job_detail/bbe53d67ee42c2721XVy3N-4GFFY.html,武汉·洪山区·光谷,20-40K·15薪,3-5年,本科,斗鱼,/gongsi/9459ad5584af2d781Xd42Nq6.html,互联网,已上市,1000-9999人,"['数据分析', '数据挖掘', '商业分析']",节日福利，年终奖，零食下午茶，餐补，补充医疗保险，定期体检，股票期权，带薪年假，五险一金
8,助理数据分析师,/job_detail/b80ad88fad5193fb1nF_3Nu9FVtV.html,武汉,6-10K·14薪,1-3年,本科,北京思迈特,/gongsi/0c6c8f6160f32fce1nB42Nu6GVQ~.html,互联网,不需要融资,20-99人,"['SQL', 'Python', 'Excel', '数据分析']",定期体检，年终奖，员工旅游，超长年假，带薪年假，零食下午茶，餐补，包吃，节日福利，五险一金，交通补助
9,水文数据分析师,/job_detail/5003118ba40462401XR-2t-5F1pR.html,武汉·武昌区·街道口,7-12K·14薪,经验不限,本科,大水云科技,/gongsi/7b85ca6074dab7693nR72dy_Eg~~.html,电力/热力/燃气/水利,未融资,100-499人,['数据分析'],员工旅游，带薪年假，加班补助，年终奖，节日福利，定期体检，五险一金
10,数据分析师,/job_detail/bf77b489ef164b2a3nN539u4GVM~.html,武汉·江夏区·光谷,10-15K·13薪,5-10年,本科,武汉侏罗纪,/gongsi/571b013e2bef80c91HJ_3to~.html,计算机软件,已上市,100-499人,"['数据分析', '数据挖掘']",节日福利，年终奖，餐补，通讯补贴，定期体检，带薪年假，五险一金，零食下午茶
11,数据分析师,/job_detail/43b0d8a3d98ec9521nV-3dq6GVdR.html,武汉,80-100元/天,5天/周4个月,本科,武汉人民在线,/gongsi/fb85a600fcf0bcbe1XN439W_.html,互联网,不需要融资,100-499人,"['数据分析', 'DBA']",补充医疗保险，员工旅游，带薪年假，定期体检，提供住宿，五险一金，年终奖，加班补助
12,数据分析师(python),/job_detail/33c6faa8dad0d8ce1nxz092-ElZV.html,武汉,8-12K,1-3年,本科,珪瑞国际,/gongsi/458056d7c9f49e861HV539u6EQ~~.html,电子商务,未融资,20-99人,"['Python', 'Tableau', 'ECharts', '跨境电商', '数据分析']",零食下午茶，员工旅游，带薪年假，全勤奖，年终奖，员工生日会，节日福利，加班补助，五险一金
13,数据分析师,/job_detail/c5651ec3b918dd021nJ53ty6E1ZS.html,武汉·江夏区·金融港,6-10K,3-5年,本科,天恒信息,/gongsi/2e1d3dd1c834506d1XB-3ti9.html,移动互联网,不需要融资,1000-9999人,"['Excel', 'SPSS', 'Tableau', '数据分析']",通讯补贴，五险一金，带薪年假，年终奖
14,数据分析师,/job_detail/d1c3b5ce26915d1633J539i0E1M~.html,武汉·洪山区·关山,10-15K,3-5年,本科,人人网,/gongsi/8dc03398cafb9edb1XJ90tW0.html,社交网络,已上市,1000-9999人,"['数据分析', 'DBA', 'ETL', 'SQL', 'Python']",补充医疗保险，零食下午茶，股票期权，带薪年假，五险一金，定期体检
15,数据分析师,/job_detail/7764e440bf96a56b3nB43NS-EFM~.html,武汉·江夏区·光谷,9-14K,3-5年,本科,英志芯,/gongsi/de5d1c4bdb3096fa3nd_09y5EQ~~.html,计算机服务,,20-99人,"['数据分析', '大数据', '数据运营']",
16,数据分析师,/job_detail/12a4152799e153ca3nF80tm-FlI~.html,武汉·洪山区·光谷,8-13K,1-3年,本科,Finger Art,/gongsi/fc994c9b02cec9543ndz2ti1Fg~~.html,游戏,不需要融资,100-499人,"['数据分析', '数据挖掘']",餐补，员工旅游，年终奖，节日福利，五险一金，定期体检，零食下午茶，带薪年假，补充医疗保险，交通补助
17,数据分析师,/job_detail/93f12b3716a694ac1HJ53tS9FFE~.html,武汉·洪山区·光谷,5-10K,1-3年,本科,小米,/gongsi/6f1aa1d6b1d033ad33B43N0~.html,互联网,已上市,10000人以上,"['Hive', '数据分析']",餐补，补充医疗保险，12%公积金，带薪年假，年终奖，五险一金，股票期权，节日福利，定期体检
18,DP/数据分析师,/job_detail/85d834e3ce9d0c591nxy0tW5FFdW.html,武汉·硚口区·武胜路,6-8K·13薪,1-3年,大专,巧思科技,/gongsi/6ebf7796d91200431Hdz090~.html,企业服务,A轮,100-499人,"['SPSS', '数据分析']",交通补助，五险一金，餐补
19,数据分析师,/job_detail/0820928db84347631nRz2966F1FV.html,武汉,5-6K·13薪,1-3年,大专,京东物流-华中区域,/gongsi/231e24eb521feef21HR72964.html,物流/仓储,已上市,10000人以上,"['数据分析', 'SQL', 'Python']",带薪年假，五险一金，节日福利，年终奖，餐补
20,数据分析师,/job_detail/45ebeae28690059c1XFz09S1FlI~.html,武汉·武昌区·中北路,5-8K,经验不限,本科,艾沃思,/gongsi/6cb50030324f89631nZy2d0~.html,智能硬件,未融资,20-99人,"['数据分析', '数据处理', '分析报告']",员工旅游，节日福利，五险一金，加班补助，带薪年假，住房补贴，定期体检，补充医疗保险
21,数据分析师,/job_detail/de263c79e4da42b61nR-2Nu-EVFS.html,武汉·洪山区·鲁巷,7-12K,1-3年,大专,武汉爱获得,/gongsi/46ccd57e2e6e57120n1_2ti0Fw~~.html,计算机软件,未融资,20-99人,"['数据分析', 'Python', 'Excel', 'SAS', 'Tableau', 'R', '分布式技术', 'Spark']",
22,数据分析师,/job_detail/f2b4d9edc46a33171nR73d25FlJW.html,武汉·江汉区·常青,6-11K,3-5年,本科,庆兆民技术,/gongsi/6981a82a92669c500nN83NW1GQ~~.html,生活服务,不需要融资,0-20人,"['数据分析', '数据挖掘', '数据库开发', '数据治理']",
23,数据分析师,/job_detail/1e3a88c6a31da5ff1n172du1GFc~.html,武汉·江夏区·光谷,25-35K,5-10年,本科,福禄网络,/gongsi/c8aa2e4463f8ceb81H173NQ~.html,互联网,已上市,500-999人,['数据分析'],五险一金，交通补助，定期体检，节日福利，带薪年假，全勤奖，餐补，年终奖
24,数据分析师,/job_detail/3b291606b845225003Bz2t2_GFQ~.html,武汉·武昌区·水果湖,4-8K,经验不限,大专,百信金融服务,/gongsi/506dfaa93cc0ab4203J92NW1Eg~~.html,互联网金融,,20-99人,"['金融', '学习能力', '数据分析']",
25,数据分析师,/job_detail/22c5c6d8e39057ae1nF829y5FFE~.html,武汉·蔡甸区·沌口,8-9K,1-3年,本科,东风鸿泰商务咨询,/gongsi/ce98591e38a7089d0XNz0965.html,数据服务,不需要融资,500-999人,"['数据分析', '数据库', '数据处理']",补充医疗保险，年终奖，五险一金，定期体检，节日福利，交通补助，带薪年假
26,数据分析师助理,/job_detail/629c1f96931e8bae1nx82dq9F1c~.html,武汉·洪山区·光谷,3-6K,在校/应届,本科,尚德机构,/gongsi/da9e80d7761c27701Hx-3w~~.html,在线教育,已上市,10000人以上,"['数据分析', '制作图表', 'excel']",零食下午茶，带薪年假，节日福利，年终奖，员工旅游，五险一金，加班补助
27,高级数据分析师,/job_detail/5cd0ada986e1f6791nV53NW9ElJR.html,武汉·硚口区·古田,6-10K,3-5年,大专,湖北企派,/gongsi/d69b82d2639d9b9003Vy2NW5.html,电子商务,未融资,100-499人,"['数据分析', 'Python', 'R语言', 'SPSS', '游戏', 'SQL', '数据建模', '数据仓库']",节日福利，员工旅游，带薪年假，全勤奖，住房补贴
28,高级数据分析师,/job_detail/dc04d43a79c9a98a1nx839i6E1c~.html,武汉·洪山区·南湖,6-12K,5-10年,本科,武汉精臣智慧标识,/gongsi/a4adbff4d3af85fe1nJ82NS8FA~~.html,电子商务,不需要融资,500-999人,"['数据处理', '数据分析', '数据架构']",全勤奖，股票期权，节日福利，零食下午茶，五险一金，年终奖，带薪年假，餐补，员工旅游，包吃，通讯补贴
29,视频数据分析师 (MJ000205),/job_detail/0fc4cdd0b200f1ae1nF82du9ElpQ.html,武汉·洪山区·珞狮南路,8-12K·13薪,1-3年,本科,掌游科技,/gongsi/5fe73489f4de58150XRz3Q~~.html,游戏,已上市,500-999人,"['数据分析', '用户分析']",健身馆，食堂，包吃，餐补，住房补贴，年终奖，通讯补贴，定期体检，五险一金，节日福利，员工旅游，零食下午茶，加班补助，带薪年假，交通补助，股票期权
30,数据分析师,/job_detail/0d3c1d38eb2b5b651nV-39S0ElFR.html,武汉,7-12K,1-3年,本科,京东物流-华中区域,/gongsi/231e24eb521feef21HR72964.html,物流/仓储,已上市,10000人以上,"['数据分析', '数据挖掘', '商业分析', 'ETL', 'SQL', 'Python', 'Pandas', 'BI']",年终奖，带薪年假，餐补，节日福利，五险一金
31,Senior DP/高级数据分析师,/job_detail/f9dc9df6a58041591nxy0tW4ElBS.html,武汉·硚口区·武胜路,8-12K·13薪,3-5年,大专,巧思科技,/gongsi/6ebf7796d91200431Hdz090~.html,企业服务,A轮,100-499人,"['SPSS', '数据分析', '调研']",交通补助，餐补，五险一金
32,数据分析师,/job_detail/608d99a54da6ce891nxz39W4EVpW.html,武汉·武昌区·积玉桥,10-11K,经验不限,博士,巴州瑶光财务,/gongsi/90725061de381f4c1n162Ny9E1I~.html,数据服务,,20-99人,"['Python', 'SAS', 'Stata', 'Matlab', 'R', 'Java']",
33,数据分析师,/job_detail/ea96ffb61dd576ba1nZ609u5GVJW.html,武汉·洪山区·光谷,10-14K,3-5年,本科,海兰信,/gongsi/3bcd7057273ba8c41HJ_39-1.html,通信/网络设备,已上市,500-999人,"['方差分析', '回归分析', '聚类分析', '地图导航', '人工智能']",五险一金，股票期权，餐补，加班补助，带薪年假，年终奖，通讯补贴，免费班车，住房补贴，定期体检，节日福利
34,高级数据分析师（用户增长）,/job_detail/a9b7f60f3911b81b1nV93tq6GFdW.html,武汉·洪山区·关山,20-35K·15薪,3-5年,本科,斗鱼,/gongsi/9459ad5584af2d781Xd42Nq6.html,互联网,已上市,1000-9999人,"['SQL', 'Hive', '数据分析', '用户增长']",年终奖，五险一金，带薪年假，补充医疗保险，零食下午茶，定期体检，餐补，节日福利，股票期权
35,数据分析师,/job_detail/bfdab0b384ed809f1nNz2di0ElJY.html,武汉·武昌区·水果湖,7-12K·14薪,1-3年,本科,航天神舟软件,/gongsi/c0c645a29ce1d6a31HF43Nk~.html,计算机软件,不需要融资,1000-9999人,"['SQL', 'Python', 'Excel', '聚类分析', '回归分析', 'Spark']",餐补，年终奖，节日福利，定期体检，补充医疗保险，五险一金，带薪年假，免费班车
36,数据分析师,/job_detail/ee212cc6db9301131nBz3t61EVI~.html,武汉·武昌区·东亭,7-8K,1-3年,本科,零壹财经,/gongsi/33ecf937ee2259593n1y3tw~.html,互联网,B轮,20-99人,"['数据建模', '产品设计']",五险一金，股票期权，年终奖，员工旅游，定期体检，带薪年假，节日福利
37,数据分析师,/job_detail/23911824218829bc1XVz2d69FlRX.html,武汉·洪山区·街道口,150-250元/天,3天/周3个月,本科,清博咨询,/gongsi/50d80180eaa5683a1XRy3d2-GVU~.html,咨询,,20-99人,"['Stata', '回归分析', '多元统计分析', 'Excel']",
38,数据分析师,/job_detail/e1f0d8d189483c361XVy0tm5GFZW.html,武汉·硚口区·宝丰崇仁,5-9K,在校/应届,本科,爱给网,/gongsi/2333eccb6f23527d1Xxz2t-7Eg~~.html,移动互联网,天使轮,20-99人,"['SQL', '数学/统计相关专业', '计算机相关专业', '数据分析/挖掘经验']",年终奖，定期体检，五险一金，股票期权，零食下午茶，员工旅游，带薪年假
39,数据分析师,/job_detail/8d17c28755d70f111nZz2ty7FFBW.html,武汉·洪山区·光谷,18-35K·16薪,3-5年,本科,创逸灵科技,/gongsi/ff57de72727d940c1nB939y7EFs~.html,数据服务,,20-99人,"['SQL', 'Python', '回归分析', '决策树', '参数检验', '描述统计', 'R', 'SPSS']",年终奖，五险一金，股票期权，全勤奖，零食下午茶，补充医疗保险，餐补，定期体检，加班补助，带薪年假，员工旅游
40,数据分析师,/job_detail/53f39fb7c127a6961n1y2dm-FVZV.html,武汉·江夏区·光谷,5-10K·13薪,1-3年,本科,海羽毛互娱,/gongsi/c1dc53f87a7332593nF939y1GA~~.html,游戏,不需要融资,20-99人,"['SPSS', 'Python', '电商', '游戏', '应用', 'app']",定期体检，五险一金，年终奖，员工旅游，带薪年假，零食下午茶，节日福利，加班补助
41,数据分析师,/job_detail/153d29edd89e18711nF42N2-FFFR.html,武汉·蔡甸区·沌口,4-6K,1年以内,大专,在图科技,/gongsi/8cca2a0b999cf9261nJ42di0E1I~.html,移动互联网,,20-99人,"['多元统计分析', '参数检验', '相关分析', '描述统计']",
42,数据分析师,/job_detail/7b5a146a7ccbc85a1XZz3964EFRV.html,武汉·洪山区·光谷,15-25K,3-5年,本科,刀锋互娱,/gongsi/d34a84003df35b413nR409W-.html,互联网,A轮,500-999人,"['Python', 'SQL', 'Excel', 'Tableau']",定期体检，零食下午茶，周末双休，全勤奖，带薪年假，节日福利，加班补助，年终奖，员工旅游
43,数据分析师,/job_detail/f3f2e41fdd6099241nJy09y6ElJZ.html,武汉·江岸区·江汉路,7-8K,1-3年,大专,久辉房地产,/gongsi/f2692920f261112d1nNz2ty1ElY~.html,物业服务,,20-99人,"['Excel', 'Python']",
44,数据分析师,/job_detail/ce4e2b72c987b2421XR53965FlVV.html,武汉·洪山区·光谷,13-16K,3-5年,本科,木仓科技,/gongsi/937e2d3be0f224981H1_2Ns~.html,移动互联网,不需要融资,1000-9999人,"['Excel', 'Python', 'SQL', 'Hive']",带薪年假，年终奖，定期体检，五险一金，零食下午茶，节日福利，员工旅游
45,数据分析师,/job_detail/757dc644d24a8cfa0nZ43dm1EFI~.html,武汉·蔡甸区·沌口,5-8K,经验不限,本科,灵枭科技,/gongsi/828a3f386f8c71190nV639W9FA~~.html,计算机服务,未融资,20-99人,"['商业分析', '行业分析', '需求分析']",节日福利，带薪年假，五险一金，年终奖
46,高级数据分析师,/job_detail/3a7042de6da5f17a1n1y09u-E1dZ.html,武汉,10-15K,1-3年,本科,多比特,/gongsi/1b244e81788328241nB83t25Eg~~.html,游戏,不需要融资,500-999人,"['Excel', 'SQL', 'Python', 'Hadoop', 'Presto']",零食下午茶，员工旅游，节日福利，生日福利，定期团建活动，加班补助，年终奖，带薪年假，定期体检，交通补助，健身房，五险一金
47,数据分析师,/job_detail/25b789def3b3bf9e1XZ43dm6EFtW.html,武汉·洪山区·鲁巷,12-20K·13薪,3-5年,本科,任子行,/gongsi/91f4385b2ffdf0ff1XVy09m5.html,计算机软件,已上市,1000-9999人,"['Python', 'SPSS']",五险一金
48,数据分析师,/job_detail/4f1dca44728091061nF639y7EVVX.html,武汉·洪山区·岳家嘴,5-10K,1-3年,大专,罗盘科技,/gongsi/9cb7c88571794f011H1-2d60.html,计算机软件,,20-99人,"['Excel', 'Tableau', 'Python', 'SQL']",
49,数据分析师,/job_detail/4799e86a270a98311XR70tW6FVBX.html,武汉·洪山区·光谷,8-10K,1-3年,本科,武汉佰钧成技术,/gongsi/71bcdc1198f6c83703J70tq8.html,计算机软件,不需要融资,1000-9999人,"['SQL', 'Excel']",五险一金，定期体检，节日福利，补充医疗保险，带薪年假
50,数据分析师助理,/job_detail/4efe781aa392d8291XZ72N2-EVBT.html,武汉·武昌区·汉街,9-13K·13薪,经验不限,大专,湖北元诚咨询有限公司,/gongsi/939343c7aafd18a71XRz3dq4GVU~.html,咨询,,0-20人,"['Java', 'Python', 'SQL']",
51,数据分析师实习生,/job_detail/83a4c60df57e28361nFy2N-1FVRV.html,武汉·洪山区·光谷,200-250元/天,3天/周3个月,本科,今日头条,/gongsi/a67b361452e384e71XV82N4~.html,移动互联网,D轮及以上,10000人以上,"['Python', 'SQL', 'Excel', 'R', 'Matlab', 'SAS', 'Hive']",年终奖，包吃，免费班车，股票期权，加班补助，带薪年假，交通补助，员工旅游，全勤奖，五险一金，住房补贴，零食下午茶，定期体检，节日福利，补充医疗保险，通讯补贴
52,Python数据分析师,/job_detail/caf1023272f36e591nJ92Nu6F1VQ.html,武汉·洪山区·南湖,12-24K,经验不限,本科,易佰网络,/gongsi/16187be340a4bd9e1HF539y1.html,电子商务,已上市,1000-9999人,"['Python', '爬虫', 'SQL']",俱乐部，节日福利，年终奖，股票期权，员工旅游，专业培训，生日福利，带薪年假，团建聚餐，交通补助，全勤奖，零食下午茶
53,客户数据分析师,/job_detail/d0c5ece73c72ac3d1XV_29u9FVJY.html,武汉·汉阳区·王家湾,5-8K,经验不限,大专,武汉章玫,/gongsi/e619af299075ab121nN90tu_FFI~.html,电子商务,未融资,20-99人,['Excel'],节日福利，年终奖，餐补，补充医疗保险，加班补助，零食下午茶，带薪年假，五险一金，全勤奖，员工旅游
54,舆情数据分析师,/job_detail/e03ba352e3ed453a1n162NW_EFVW.html,武汉·江夏区·关山,11-22K,1-3年,本科,芯知软件,/gongsi/0326cf84950c2bd61HJy2NW5GA~~.html,计算机软件,不需要融资,100-499人,"['数据自动化', 'VOC', '测试', 'EXCEL']",定期体检，年度体检，年终奖，零食下午茶，节日福利，股票期权，员工旅游，五险一金，带薪年假
55,资深数据分析师,/job_detail/167507feb6af3d581nx72d28GFRQ.html,武汉·洪山区·光谷,30-60K,5-10年,本科,热玩,/gongsi/66d84ec31977375a1XV709-4EFc~.html,社交网络,不需要融资,1000-9999人,"['Excel', 'SPSS', 'SAS']",五险一金，餐补，员工旅游，零食下午茶，带薪年假，补充医疗保险，节日福利，包吃，定期体检
56,充电桩数据分析师,/job_detail/d343f2617a4952621XR_2t2-E1tR.html,武汉·江汉区·常青,7-12K,3-5年,大专,万帮新能源,/gongsi/6b4974671b42e5c31nR63t8~.html,互联网,A轮,1000-9999人,"['Excel', '充电桩', '电气']",定期体检，节日福利，餐补，年终奖，通讯补贴，五险一金，员工旅游，带薪年假，免费班车
57,数据分析师,/job_detail/f2b71ec07df2a4771n1_2dW9GVNX.html,武汉·洪山区·光谷,15-20K,1-3年,本科,明日时尚,/gongsi/bba346c258e562840nN939--.html,数据服务,不需要融资,20-99人,"['Python', 'Scrapy框架', 'HttpClient', 'jsoup']",餐补，五险一金
58,数据分析师,/job_detail/32124585c84a850d1nV90t64GVpQ.html,武汉,4-7K,经验不限,大专,达仁信息科技,/gongsi/90b9493bf9acfded1nd729i4EQ~~.html,移动互联网,未融资,100-499人,['地图导航'],餐补，加班补助，交通补助
59,数据分析师（WHY1203）,/job_detail/b24a7b3101c936bf1nZz0tW4E1dQ.html,武汉·洪山区·花山,9-14K·15薪,经验不限,本科,招银云创,/gongsi/5015a4c1c22585831ndy2di4F1E~.html,计算机软件,未融资,1000-9999人,"['Python', 'SAS']",免费班车，补充医疗保险，定期体检，零食下午茶，补充商业保险，员工旅游，带薪年假，年终奖，五险一金，加班补助，节日福利
60,数据分析师（武汉）,/job_detail/29ff33a7962a14731XV53dy5F1NS.html,武汉·蔡甸区·沌口,12-24K,3-5年,本科,领行科技,/gongsi/c70116cf3d07284803d83tm_Ew~~.html,互联网,B轮,1000-9999人,"['Python', 'SPSS', 'Excel']",餐补，股票期权，零食下午茶，员工旅游，定期体检，定期体检，年终奖，节日福利，补充医疗保险，五险一金，加班补助，带薪年假，交通补助
61,B端数据分析师,/job_detail/9576b265d1d5abd21nN-3du8EVRX.html,武汉·洪山区·街道口,6-8K,1-3年,本科,文华智典,/gongsi/26ef3570022d56941nd629m7EFQ~.html,电子商务,,20-99人,"['Python', 'Excel', 'Pandas']",年终奖，节日福利，五险一金，加班补助，员工旅游
62,数据分析师,/job_detail/cd9ff4cb0a448c081nV-3Nq-EVBQ.html,武汉,7-8K,1-3年,本科,京东物流-华中区域,/gongsi/231e24eb521feef21HR72964.html,物流/仓储,已上市,10000人以上,"['SQL', '数据分析', '数据库开发']",带薪年假，节日福利，年终奖，餐补，五险一金
63,AI数据分析工程师,/job_detail/614303873fddaac51nR739S0GFZR.html,武汉·洪山区·光谷,11-16K·13薪,3-5年,硕士,华新技管,/gongsi/b92dc7db3c2dbd080nBz3Nu7FA~~.html,其他专业服务,已上市,1000-9999人,"['数据分析', '数据挖掘', '数据开发', '人工智能']",定期体检，员工旅游，五险一金，餐补，通讯补贴，零食下午茶，节日福利，住房补贴，带薪年假，补充医疗保险，年终奖
64,数据分析师,/job_detail/cf9cf333f5bc7fdc1XV839y4GFJY.html,武汉·洪山区·东亭,7-12K·14薪,1-3年,本科,北京思迈特,/gongsi/0c6c8f6160f32fce1nB42Nu6GVQ~.html,互联网,不需要融资,20-99人,"['Excel', 'Pandas', 'Tableau', 'Python']",五险一金，定期体检，带薪年假，交通补助，员工旅游，超长年假，年终奖，零食下午茶，包吃，餐补，节日福利
65,数据分析（双休）,/job_detail/598a8f1d985b48751XZ42NW_FFdV.html,武汉,4-6K,1-3年,大专,武汉璟博,/gongsi/7a6722da3b5793f833Z62N65Fw~~.html,工程施工,,20-99人,"['数据统计', '数据分析']",
66,数据分析师,/job_detail/3d76742268ed00191XVy2Ni0EVBX.html,武汉·洪山区·光谷,12-20K,3-5年,本科,刀锋互娱,/gongsi/d34a84003df35b413nR409W-.html,互联网,A轮,500-999人,"['Python', 'Shell']",零食下午茶，全勤奖，加班补助，定期体检，年终奖，节日福利，员工旅游，带薪年假，周末双休
67,五险一金+双休+数据分析师,/job_detail/15e45749e2c7b9cd1XR52dS5GFFV.html,武汉·江汉区·新华路,8-13K,1-3年,大专,联信智融,/gongsi/9477dc5f2b5a333303N_2dW6EQ~~.html,计算机软件,未融资,20-99人,"['Python', 'Hive', 'SQL', '信贷', '金融']",股票期权，生日礼金，餐补，交通补助，年终奖，节日福利，带薪年假，五险一金
68,数据分析师,/job_detail/2f7c3481ce2318a31XR7292_EVZT.html,武汉·武昌区·汉街,12-20K,3-5年,本科,中诚信征信,/gongsi/22bc726af5f8fb761X1_3tk~.html,互联网金融,不需要融资,100-499人,"['Python', 'Spark', 'Hbase', 'Java', 'Hive', 'Hadoop', '银行项目']",年终奖，定期体检，零食下午茶，带薪年假，员工旅游，补充医疗保险，周五福利，五险一金，节日福利
69,高级数据分析师,/job_detail/c5ce1fc8110d3a851n1y29-8ElRT.html,武汉·洪山区·关山,15-30K,5-10年,本科,多比特,/gongsi/1b244e81788328241nB83t25Eg~~.html,游戏,不需要融资,500-999人,"['游戏 数据分析', '分析工具 友盟 数数']",节日福利，交通补助，零食下午茶，带薪年假，员工旅游，定期体检，加班补助，定期团建活动，健身房，五险一金，生日福利，年终奖
70,数据分析师,/job_detail/16e86339e76c9cac1XZ62dq6GVRV.html,武汉·江汉区·菱角湖,5-10K,1-3年,本科,华科经安,/gongsi/efe0eb747b8db6741XR93d67F1Y~.html,数据服务,天使轮,20-99人,"['Python', 'SQL', 'Tableau']",加班补助，交通补助，五险一金，带薪年假，年终奖，节日福利
71,数据分析师,/job_detail/8f15411a2cb209fd1XV82N6_FlZV.html,武汉·江汉区·常青,6-8K,1-3年,本科,中国移动杭州研发中心,/gongsi/bc3eef801c40cc3b0H1709-8.html,互联网,不需要融资,1000-9999人,"['SQL', 'Excel']",带薪年假，通讯补贴，交通补助，五险一金，免费班车，节日福利，定期体检，餐补，年终奖，补充医疗保险
72,数据分析师,/job_detail/ae3ca5307ff74ccc1nFy09W_FFNS.html,武汉·武昌区·徐东大街,10-15K·14薪,1-3年,本科,武汉易晨创想,/gongsi/cb08a359fc1607f21nB42tm4Ew~~.html,计算机软件,未融资,20-99人,"['Python', 'Excel', 'SPSS', 'SAS', 'Hadoop', 'Spark', 'Storm']",定期体检，节假日物资，住房补贴，全勤奖，补充医疗保险，交通补助，员工旅游，五险一金，年终奖，通讯补贴，入司惊喜礼物，餐补，带薪年假，零食下午茶，节日福利，包吃
73,数据分析师,/job_detail/765b8115a1d0624d1XVy3tq5EFtV.html,武汉·江汉区·新华路,7-10K·13薪,经验不限,本科,万物云,/gongsi/4a3b8f2934b5ca341nZ83NW5FFo~.html,物业服务,未融资,10000人以上,"['Python', 'SQL', 'SPSS', 'Excel']",交通补助，员工旅游，七险一金，加班补助，补充医疗保险，带薪年假，餐补，通讯补贴，节日福利，定期体检
74,水文数据分析师,/job_detail/e680bc45fd6b349c1nx53du5E1BX.html,武汉·武昌区·街道口,7-12K·14薪,1-3年,本科,大水云科技,/gongsi/7b85ca6074dab7693nR72dy_Eg~~.html,电力/热力/燃气/水利,未融资,100-499人,['Excel'],年终奖，节日福利，加班补助，定期体检，五险一金，带薪年假，员工旅游
75,数据分析师,/job_detail/c45cc1028dfe1ec41nJ-3d25FVtR.html,武汉·江夏区·关山,5-8K,经验不限学历,不限,天宇宁达,/gongsi/9bb23804f9c216a30nR709S-GA~~.html,企业服务,,20-99人,"['SQL', 'Python']",
76,数据分析师,/job_detail/9cbb0292361d856f1XZ70t60FFFV.html,武汉·江夏区·光谷,100-150元/天,4天/周2个月,大专,聚光科技,/gongsi/f61780335a03181b1XF93t-5.html,计算机软件,已上市,1000-9999人,['Excel'],交通补助，五险一金，节日福利，通讯补贴，免费班车，定期体检，年终奖，餐补，加班补助，员工旅游，带薪年假，实习生提供住，补充医疗保险，节假日礼品
77,数据分析师,/job_detail/0d7c1e2c51e745e11XVy2N--GFVV.html,武汉·武昌区·街道口,35-45K·18薪,1-3年,大专,武汉博爵教育科技,/gongsi/ad7111750be169fa1XR90ti6ElM~.html,计算机服务,未融资,100-499人,"['SPSS', 'SAS', 'R', '决策树', '相关分析', '方差分析']",
78,数据分析师,/job_detail/a8964b29d51e280403J92ty1EFM~.html,武汉,8-12K,3-5年,本科,掌游科技,/gongsi/5fe73489f4de58150XRz3Q~~.html,游戏,已上市,500-999人,"['SQL', 'Python', 'Power BI', '游戏']",交通补助，五险一金，健身馆，包吃，通讯补贴，员工旅游，节日福利，股票期权，住房补贴，食堂，加班补助，年终奖，餐补，定期体检，零食下午茶，带薪年假
79,数据分析师岗位,/job_detail/a43e2a6b69d4c1b51nF93tW-GVBR.html,武汉,11-20K,1-3年,本科,招商证券,/gongsi/b51adeb092453c9b1XN-3Nw~.html,互联网金融,已上市,10000人以上,"['SQL', 'Tableau']",员工旅游，节日福利，交通补助，带薪年假，住房补贴，年终奖，餐补，补充医疗保险，加班补助，五险一金，定期体检，通讯补贴
80,数据分析师（急聘+双休）,/job_detail/d7b831e8bae9befe1nx-2tq1EVRW.html,武汉·硚口区·武胜路,6-10K·13薪,1年以内,大专,行思合众,/gongsi/28af620bfb23b5f11nd63Nm1EFU~.html,互联网,未融资,20-99人,['Python'],零食下午茶，全勤奖，员工旅游，节日福利，年终奖，餐补，五险一金，带薪年假，通讯补贴，定期体检
81,计划员（数据分析）,/job_detail/7d6b5540f103cb931XZ93Nm9FVFW.html,武汉·洪山区·南湖,10-15K,1-3年,本科,易佰网络,/gongsi/16187be340a4bd9e1HF539y1.html,电子商务,已上市,1000-9999人,"['Python', '数据库', '数据分析', '电商']",交通补助，团建聚餐，全勤奖，俱乐部，专业培训，年终奖，员工旅游，带薪年假，生日福利，零食下午茶，股票期权，节日福利
82,数据分析经理,/job_detail/b87267426612143c1nR-0tW_F1NW.html,武汉,9-12K,3-5年,本科,灵枭科技,/gongsi/828a3f386f8c71190nV639W9FA~~.html,计算机服务,未融资,20-99人,"['数据分析', '数据挖掘', '商业分析', '数据架构师', 'SQL', 'SPSS', 'Tableau', 'Matlab']",五险一金，带薪年假，节日福利，年终奖
83,安全数据分析实习生,/job_detail/a2931844bc4cbe4d03Nz3tq-E1s~.html,武汉·洪山区·鲁巷,100-150元/天,4天/周3个月,本科,绿盟科技,/gongsi/56fcc3e5c3f3939d1Xd929q4.html,信息安全,已上市,1000-9999人,"['数据分析', '数据挖掘', '安全分析']",餐补，五险一金，节日福利，补充医疗保险，员工旅游，股票期权，年假递增，加班补助，年终奖，通讯补贴，定期体检，带薪年假
84,数据分析师,/job_detail/737f93fd25f6e7f71nZ82dq9FVVS.html,武汉,8-13K,经验不限,本科,北京思迈特,/gongsi/0c6c8f6160f32fce1nB42Nu6GVQ~.html,互联网,不需要融资,20-99人,"['SQL', 'Python', 'Tableau', 'Pandas', '大数据', '人工智能']",五险一金，节日福利，带薪年假，定期体检，零食下午茶，交通补助，超长年假，包吃，餐补，年终奖，员工旅游
85,数据分析师,/job_detail/7040afd35d3a7ea31n1y2t21GVJQ.html,武汉·武昌区·中南路,5-7K,1-3年,本科,零壹财经,/gongsi/33ecf937ee2259593n1y3tw~.html,互联网,B轮,20-99人,"['重查询统计数据写报告', '同花顺ifind', 'SPSS', 'R', 'Excel', 'SAS', 'Python', '东方财富']",定期体检，带薪年假，股票期权，五险一金，节日福利，年终奖，员工旅游
86,资金数据分析师,/job_detail/58bd191495f450d41XZ62dq0EVpQ.html,武汉·江汉区·菱角湖,5-10K,1-3年,本科,华科经安,/gongsi/efe0eb747b8db6741XR93d67F1Y~.html,数据服务,天使轮,20-99人,"['Python', 'SQL', 'Tableau', '多元统计分析', '相关分析']",五险一金，交通补助，年终奖，节日福利，加班补助，带薪年假
87,高级数据分析师（运营侧）,/job_detail/cac0b00e9bd1b4251nx-2N-1EVtY.html,武汉,20-35K·15薪,5-10年,硕士,斗鱼,/gongsi/9459ad5584af2d781Xd42Nq6.html,互联网,已上市,1000-9999人,"['Python', '回归分析', 'Excel']",定期体检，带薪年假，五险一金，股票期权，餐补，节日福利，年终奖，零食下午茶，补充医疗保险
88,数据分析师,/job_detail/06cb48ae98e46a341XR-09S5GFVX.html,武汉·洪山区·鲁巷,14-20K·16薪,经验不限,本科,洛凯,/gongsi/9179637cbd26d19803J63N69EA~~.html,移动互联网,A轮,100-499人,"['Python', 'SQL', 'Java']",零食下午茶，员工旅游，五险一金，带薪年假，年终奖，股票期权，补充医疗保险，节日福利，定期体检
89,数据分析师,/job_detail/4114c90375e07e151XZ83tm9GVBX.html,武汉·洪山区·光谷,15-20K,3-5年,本科,刀锋互娱,/gongsi/d34a84003df35b413nR409W-.html,互联网,A轮,500-999人,['Python'],带薪年假，零食下午茶，定期体检，员工旅游，周末双休，节日福利，年终奖，加班补助，全勤奖
90,数据分析师,/job_detail/c33a6dad40783da51XV70t6_FlJS.html,武汉·江夏区·光谷,10-15K·15薪,1-3年,本科,巨擎网络科技有限公司,/gongsi/4b19eabe9abe724f03Fy2N-6EQ~~.html,计算机软件,不需要融资,20-99人,['信度分析'],零食下午茶，国外旅游，过节费多多，定期体检，全勤奖，年终奖，员工旅游，带薪年假，14-17薪，补充医疗保险，五险一金，节日福利
91,数据分析师,/job_detail/47e6775fc404f9d01nB839-4F1NR.html,武汉·武昌区·中北路,8-13K,1-3年,本科,青眼网络,/gongsi/2f9f6b818d98a5420nNy09S8Eg~~.html,媒体,未融资,20-99人,['数据分析 调研'],年终奖，员工旅游，交通补助，节日福利，五险一金，定期体检，零食下午茶，全勤奖，股票期权，加班补助，通讯补贴，餐补，带薪年假
92,数据分析师+双休+五险一金,/job_detail/50860afa06e431b91XR739y_FltR.html,武汉·江汉区·西北湖,8-13K,1-3年,本科,联信智融,/gongsi/9477dc5f2b5a333303N_2dW6EQ~~.html,计算机软件,未融资,20-99人,"['Python', 'SQL', 'Hive', 'Excel']",餐补，年终奖，五险一金，股票期权，节日福利，交通补助，生日礼金，带薪年假
93,资深数据分析师,/job_detail/4bb6b0358b79669d1XR82ty6FlFT.html,武汉·武昌区·徐东大街,8-13K·13薪,3-5年,本科,多准数据,/gongsi/3a7cc1ebf01b8cd41X1439q4.html,数据服务,不需要融资,100-499人,"['竞品分析', '用户调研', '用户分析', '行业研究', '定性研究', '定量研究', '市场信息收集']",年终奖，员工旅游，零食下午茶，带薪年假，补充医疗保险，节日福利，五险一金，定期体检
94,WFM-数据分析师,/job_detail/756dbabeae8e33b91XZ50ti8GFNS.html,武汉·武昌区·武昌火车站,10-15K·15薪,5-10年,本科,京东集团,/gongsi/33e052361693f8371nF-3d25.html,电子商务,已上市,10000人以上,"['wfm', '预测排班']",年终奖，带薪年假，餐补，包吃，员工旅游，股票期权，免费班车，五险一金，零食下午茶，补充医疗保险，定期体检，节日福利，交通补助
95,医药学数据分析师,/job_detail/a369a6819dcfc5be1X1_09-_EVU~.html,武汉·武昌区·水果湖,5-7K,1-3年,本科,云豹科技有限公司,/gongsi/a5950af5524247f81XB53t25EQ~~.html,互联网,不需要融资,20-99人,['医学'],带薪年假，五险一金，股票期权，补充医疗保险，节日福利
96,大气环境数据分析师,/job_detail/6678ff84028f965e1XR709S8GVtX.html,武汉·武昌区·中南路,4-9K,经验不限,本科,中科宇图,/gongsi/0aecf9e8ae3130261X1z3N61.html,互联网,不需要融资,500-999人,"['环境监测', '大气', '环境工程', '污染分析', '污染治理', '环保', '大气分析', '环评']",定期体检，员工旅游，带薪年假，餐补，通讯补贴，加班补助，节日福利，五险一金
97,高级数据分析师/高级算法工程师,/job_detail/e7d81c9ec3857c561XZ-2N67E1JS.html,武汉·江夏区·藏龙岛,20-40K·15薪,3-5年,硕士,格蓝若,/gongsi/7868ae24cd393b941HV-39u8EQ~~.html,电力/热力/燃气/水利,天使轮,100-499人,"['Python', 'SQL', 'R语言', 'Spark', 'Hadoop']",定期体检，节日福利，零食下午茶，股票期权，年终奖，交通补助，免费班车，员工旅游，餐补，通讯补贴，带薪年假，五险一金
98,数据挖掘数据分析师英语四级,/job_detail/4f5a62c02e45105a1nJz2dS-E1JS.html,武汉,5-10K,经验不限,大专,武汉微星电商,/gongsi/18baf90ef48ecf4903V539i0FA~~.html,电子商务,未融资,20-99人,"['数据挖掘', '数据分析师', '数据开发', '英语四级', '跨境电商', 'SEO', '理科', '统计']",节日福利，带薪年假，培训，加班补助，年终奖，员工旅游，补充医疗保险，股票期权，零食下午茶，通讯补贴，五险一金
99,数据分析,/job_detail/e8dd2c3c1c2d34111n1909S_GVJR.html,武汉,4-5K,经验不限,大专,知青年,/gongsi/fcaf91cda6a72cab3ndz3Nm-.html,在线教育,A轮,20-99人,['Excel'],股票期权，五险一金，住房补贴，全勤奖
100,数据分析,/job_detail/cf12b2bb82b0a4c21XZ73927EldY.html,武汉,4-5K,1年以内,大专,采轩服饰,/gongsi/0d10705dff632ac31XJ43N--.html,企业服务,未融资,1000-9999人,['Excel'],
101,数据分析专员,/job_detail/573657b96729a9821nN50ti9F1I~.html,武汉·江汉区·建设大道,3-6K,1-3年,本科,恒诺市场研究,/gongsi/62ccc21263fc3ba30nB539W0.html,广告营销,未融资,20-99人,"['数据调研', '数据分析', '市场调研', '市场研究', '定量研究', '用户调研', '定性研究', '市场信息收集']",餐补，零食下午茶，节日福利，五险一金，年终奖，员工旅游，住房补贴，定期体检，全勤奖，带薪年假，通讯补贴，补充医疗保险，交通补助，加班补助
102,数据分析（运营）,/job_detail/c33f040f79905f9f1nN829S0EFRX.html,武汉·洪山区·关山,4-9K·13薪,经验不限,大专,掌中互娱,/gongsi/bc7a7b4b4caeddef1nB-392-EFs~.html,游戏,不需要融资,100-499人,"['手游运营', '研发运营', '数据分析']",节日福利，年终奖，全勤奖，五险一金，带薪年假，交通补助，零食下午茶，定期团建，员工旅游
103,数据分析专员,/job_detail/90ec21c808446d901XR53tS0FVJR.html,武汉·武昌区·徐家棚,5-8K,1-3年,大专,长城物业集团股份,/gongsi/da02bb4185a061151XZ_2tW1Fw~~.html,物业服务,未融资,10000人以上,"['Excel', '参数检验', '相关分析', '信度分析', 'ROC分析', '效度分析', '描述统计']",五险一金，餐补，带薪年假，节日福利
104,数据分析讲师,/job_detail/a5c0d62ddf86fcc51XV53tm8GFFR.html,武汉·江夏区·光谷,6-11K,1-3年,大专,秋叶PPT,/gongsi/8594ee23a80689750XVy2Nm9.html,在线教育,未融资,100-499人,"['SQL', 'SPSS', 'Excel', 'Tableau']",五险一金，补充医疗保险，定期体检，节日福利，零食下午茶
105,数据分析专员,/job_detail/7db12b579bae1fcb1nxy2961FVVR.html,武汉,6-8K,1-3年,本科,众生互联,/gongsi/a091cc89e3e1541a0nBz09-9FQ~~.html,电子商务,未融资,100-499人,"['多元统计分析', '效度分析', '描述统计']",餐补，加班补助，五险一金，住房补贴，全勤奖，交通补助，年终奖
106,数据分析师,/job_detail/a1aa0302f88f93411nN_09i6F1pY.html,武汉·洪山区·南湖,12-20K,3-5年,本科,易佰网络,/gongsi/16187be340a4bd9e1HF539y1.html,电子商务,已上市,1000-9999人,"['Python', 'SPSS', 'sql', 'Excel', 'R']",交通补助，股票期权，员工旅游，节日福利，全勤奖，带薪年假，生日福利，专业培训，俱乐部，团建聚餐，零食下午茶，年终奖
107,数据分析工程师,/job_detail/a3e5aefabf62936a1nF-3NS0FFdX.html,武汉·江夏区·光谷,15-25K,1-3年,本科,亿量科技,/gongsi/ed92e57f6e59810303Z53Nq7FQ~~.html,计算机软件,B轮,500-999人,"['Python', 'Java']",年终奖，零食下午茶，员工旅游，加班补助，股票期权，餐补，通讯补贴，带薪年假，五险一金，全勤奖，节日福利
108,数据分析工程师,/job_detail/216dee54c554f25f1XR-09i7GVFR.html,武汉,10-13K,1-3年,本科,长江存储科技有限...,/gongsi/a0086342fd186e710nV609m0FQ~~.html,电子/半导体/集成电路,不需要融资,1000-9999人,['Python'],五险一金，带薪年假，免费班车，定期体检，员工旅游，补充医疗保险，餐补
109,数据分析工程师,/job_detail/90cd77199f236a751nN_2tm_GVpX.html,武汉·江夏区·光谷东,14-28K·15薪,1年以内,本科,华为,/gongsi/02cd05cce753437e33V50w~~.html,计算机软件,不需要融资,10000人以上,['Python'],餐补，加班补助，年终奖，股票期权，补充医疗保险，零食下午茶，定期体检，员工旅游，节日福利，五险一金
110,案件数据分析师,/job_detail/1955f5bb9d13aca11XZ62dW_EVVV.html,武汉·江汉区·菱角湖,5-8K,1-3年,大专,华科经安,/gongsi/efe0eb747b8db6741XR93d67F1Y~.html,数据服务,天使轮,20-99人,"['Python', 'SQL', 'Shell', 'Scala', '多元统计分析', '决策树', '相关分析']",交通补助，带薪年假，五险一金，加班补助，年终奖，节日福利
111,产品经理（日志产品线，数据分析方向）,/job_detail/a63a77a607d70f4b1nVy2N-1FFZQ.html,武汉·洪山区·光谷,12-24K,3-5年,本科,珞安科技,/gongsi/6b7bba6e2a182d201HZ50tW9Fg~~.html,计算机软件,C轮,100-499人,"['产品设计', '市场调研', '项目管理', '数据分析', '产品运营']",零食下午茶，交通补助，补充医疗保险，带薪年假，年终奖，股票期权，餐补，通讯补贴，定期体检，节日福利
112,数据分析师,/job_detail/05f910bf0b017d5d1n162ti0GVNX.html,武汉·洪山区·光谷,20-40K·15薪,5-10年,本科,斗鱼,/gongsi/9459ad5584af2d781Xd42Nq6.html,互联网,已上市,1000-9999人,"['R', 'Tableau', 'Power BI', 'SQL', 'Python', '用户增长', '策略分析']",五险一金，补充医疗保险，年终奖，定期体检，股票期权，节日福利，带薪年假，餐补，零食下午茶
113,数据分析统计员,/job_detail/dc0652ad339b97e91n1z0t20ElZR.html,武汉,4-5K,1年以内,大专,武汉美洛家,/gongsi/e87e5c9b954500ba1H1_29y6Fg~~.html,工程施工,不需要融资,20-99人,"['Excel', '多元统计分析']",员工旅游，节日福利，五险一金，补充医疗保险，年终奖，全勤奖
114,腾讯招聘活水部（数据分析）实习生,/job_detail/bb60e53a5e85690c1nJ809S5GFRS.html,武汉·江夏区·纸坊,150-210元/天,4天/周2个月,本科,腾讯,/gongsi/64bfe11d3d8b5b6e1XV629u4F1A~.html,互联网,不需要融资,10000人以上,"['Python', 'R', 'Excel', 'Matlab', '回归分析', '多元统计分析', '聚类分析']",员工旅游，交通补助，零食下午茶，节日福利，餐补，定期体检，年终奖，免费早晚餐，五险一金，免费健身房，公仔周边活动，免费班车，股票期权，住房补贴，带薪年假，补充医疗保险，包吃
115,数据分析工程师（脑科学）,/job_detail/eabc65dbe10c60911XR-2dS4F1tR.html,武汉,10-15K·14薪,1-3年,硕士,依瑞德,/gongsi/7b41859bfcedff7103dy39y7FQ~~.html,医疗设备/器械,不需要融资,100-499人,"['fNIRS', 'nTMS', '脑科学', '科研', '生物医学']",五险一金，通讯补贴，年终奖，加班补助，餐补，员工旅游，节日福利，交通补助，带薪年假，定期体检，免费班车，零食下午茶
116,数据分析工程师+社保+双休,/job_detail/2071bd77afbb228c1nZ-39S7FFZR.html,武汉·江岸区·永清,5-8K,1-3年,本科,凯英,/gongsi/f9903409977954b21nB639m7EFI~.html,其他服务业,,500-999人,"['大数据', 'SQL', 'Hadoop', '方差分析']",
117,腾讯会议数据分析工程师（CSIG全资子公司）,/job_detail/2e20970d033b7c9d1XR63N2_EVRV.html,武汉·洪山区·光谷,18-28K·14薪,1-3年,本科,腾讯,/gongsi/2e64a887a110ea9f1nRz.html,互联网,不需要融资,10000人以上,"['Python', 'Hadoop', 'Spark']",包吃，餐补，公仔周边活动，免费健身房，带薪年假，节日福利，定期体检，免费早晚餐，五险一金，员工旅游，年终奖，零食下午茶，住房补贴，免费班车，交通补助，补充医疗保险，股票期权
118,数据分析师助理,/job_detail/ad3c1be1f044495c1nZz2tW_EFNW.html,武汉·洪山区·光谷,7-12K·16薪,1年以内,本科,创逸灵科技,/gongsi/ff57de72727d940c1nB939y7EFs~.html,数据服务,,20-99人,"['SPSS', 'R', '回归分析', '决策树', '多元统计分析', 'python']",五险一金，零食下午茶，带薪年假，加班补助，年终奖，股票期权，全勤奖，员工旅游，补充医疗保险，定期体检，餐补
119,数据分析师,/job_detail/d8c9fa5902213bd81XR43ti8EFpQ.html,武汉·江夏区·光谷,30-35K·15薪,5-10年,本科,福禄网络,/gongsi/c8aa2e4463f8ceb81H173NQ~.html,互联网,已上市,500-999人,"['Excel', 'Hive', 'Tableau', '方差分析', '回归分析']",交通补助，全勤奖，五险一金，年终奖，定期体检，节日福利，带薪年假，餐补
120,高级数据分析/数据挖掘师-S9617K,/job_detail/13870eef8cd7a7791XVy2dS6FFRS.html,武汉,20-30K·15薪,5-10年,本科,美的,/gongsi/3a5b5d9a1604125c1XV_2ty9.html,其他行业,已上市,10000人以上,"['五险一金', '管理规范', '餐费贴补', '岗位晋升']",住房补贴，节日福利，免费班车，补充医疗保险，全勤奖，通讯补贴，加班补助，入职补贴2k，股票期权，零食下午茶，餐补，交通补助，员工旅游，带薪年假，五险一金，重大消息，年终奖，包吃，游泳池，定期体检
121,数据分析师,/job_detail/e45be01f8648d5ca1XR40tW6FFFV.html,武汉·洪山区·花山,13-18K,1-3年,本科,招商证券,/gongsi/b51adeb092453c9b1XN-3Nw~.html,互联网金融,已上市,10000人以上,"['Datastage', 'SQL', 'DataX', 'HDFS', 'MapReduce', 'Hadoop', 'Python']",年终奖，带薪年假，加班补助，餐补，五险一金，补充医疗保险，定期体检，通讯补贴，节日福利，住房补贴，交通补助，员工旅游
122,数据分析/BI分析师,/job_detail/b4e785320c567e671nV72Nm5FVVR.html,武汉·洪山区·光谷,15-25K,5-10年,本科,刀锋互娱,/gongsi/d34a84003df35b413nR409W-.html,互联网,A轮,500-999人,"['数据分析', 'Python', 'SQL', 'BI', '数据运营']",带薪年假，周末双休，节日福利，定期体检，员工旅游，加班补助，年终奖，全勤奖，零食下午茶
123,数据分析统计员,/job_detail/12f03e8b7248bec71XR60ti6GFJX.html,武汉,3-4K,1-3年,大专,前川考场,/gongsi/108582a49851eca81nd93ti9EVI~.html,政府/公共事业,,20-99人,['描述统计'],
124,数据分析统计员,/job_detail/51b28b169a235ec11n1-09u1GFBT.html,武汉,4-7K,1-3年,大专,奔途物流,/gongsi/08728733805ab3af1nB839-7GFI~.html,交通/运输,,100-499人,['数据统计'],
125,数据分析专员,/job_detail/a0788bc0aa091e411XR53tS7GFNX.html,武汉·武昌区·徐家棚,5-8K,1-3年,大专,长城物业集团股份,/gongsi/da02bb4185a061151XZ_2tW1Fw~~.html,物业服务,未融资,10000人以上,"['Excel', '多元统计分析', '聚类分析', '方差分析', '相关分析', '效度分析']",带薪年假，五险一金，节日福利，餐补
126,数据分析实习生,/job_detail/43670de0397a71a91XZ42du4EldX.html,武汉·江夏区·光谷,200-250元/天,3天/周3个月学历,不限,今日头条,/gongsi/a67b361452e384e71XV82N4~.html,移动互联网,D轮及以上,10000人以上,"['描述统计', '回归分析']",员工旅游，交通补助，五险一金，包吃，通讯补贴，住房补贴，节日福利，零食下午茶，带薪年假，加班补助，定期体检，年终奖，免费班车，股票期权，全勤奖，补充医疗保险
127,VIP数据分析,/job_detail/14c669debb1836721n1z2N-1EFZT.html,武汉·江汉区·常青,5-6K,1-3年,大专,三石服饰,/gongsi/a10c98c36c2638621Hx42NW6Fw~~.html,服装/纺织/皮革,未融资,500-999人,"['Excel', '相关分析']",五险，全勤奖，节日福利，带薪年假
128,平台数据分析,/job_detail/d27954ebdb85038f1n1_0tW4FVNZ.html,武汉·武昌区·水果湖,4-6K,3-5年,本科,玄乐信息咨询,/gongsi/696c03259555483f1n173tq6FVY~.html,批发/零售,,20-99人,['Excel'],
129,数据分析师,/job_detail/3d5ee304f911be8f1n183t2_GFtS.html,武汉·洪山区·光谷,11-20K·15薪,1-3年,本科,斗鱼,/gongsi/9459ad5584af2d781Xd42Nq6.html,互联网,已上市,1000-9999人,"['Excel', 'Tableau', 'SQL', 'Python', '用户增长', '数据可视化', '策略增长']",年终奖，定期体检，带薪年假，餐补，补充医疗保险，零食下午茶，股票期权，节日福利，五险一金
130,采购数据分析主管,/job_detail/94040aceeaf705471nJ_0921FFZW.html,武汉·江夏区·藏龙岛,6-8K,3-5年,本科,武汉天喻信息,/gongsi/2e39dd02846f2bed1XN-0tm7Fw~~.html,信息安全,已上市,1000-9999人,"['Excel', '信度分析', '相关分析', '描述统计']",免费班车，带薪年假，节日福利，五险一金，定期体检，年终奖，补充医疗保险
131,数据分析工程师,/job_detail/29fdc9a6459437481XR_2Nu_GFBW.html,武汉,10-15K,1-3年,本科,烽火通信,/gongsi/1f88fdf3e41f97221nN92t66.html,通信/网络设备,已上市,10000人以上,['SQL'],股票期权，餐补，补充医疗保险，年终奖，节日福利，免费班车，五险一金，包吃，带薪年假，定期体检
132,数据分析实习生,/job_detail/6835179a24daef6a1n160t68E1JS.html,武汉·东西湖区·金银湖,130-150元/天,5天/周3个月,本科,良品铺子,/gongsi/228e4ad4d1abb4be1nV_3924FQ~~.html,其他行业,已上市,10000人以上,['相关分析'],级别奖，绩效工资，年终奖，加班补助，定期体检，节日福利，全勤奖，带薪年假，五险一金
133,导侦数据分析师,/job_detail/809160f4f93943151XZ62dq0GVZV.html,武汉·江汉区·菱角湖,5-10K,1-3年,本科,华科经安,/gongsi/efe0eb747b8db6741XR93d67F1Y~.html,数据服务,天使轮,20-99人,"['Python', 'SQL', 'Tableau', '多元统计分析', '相关分析']",带薪年假，交通补助，年终奖，加班补助，节日福利，五险一金
134,数据分析专员 上海总部,/job_detail/f03fb9d3aa7b07621XR839q8FltR.html,武汉·洪山区·街道口,5-8K·13薪,经验不限,本科,一嗨,/gongsi/b5f3154df275c3d81nx82t2_E1c~.html,电子商务,未融资,1000-9999人,"['SQL', 'Python']",
135,数据分析工程师（脑科学）,/job_detail/52200fe5fc4fdb511XR609u8FFZT.html,武汉·江夏区·藏龙岛,8-12K·14薪,1-3年,硕士,资联虹康,/gongsi/caf6f1fce6ecf2ad1HV439y0.html,医疗健康,A轮,100-499人,"['EEG/ERPs/M', 'fNIRS', 'fMRI/PET', 'nTMS']",节日福利，员工旅游，年终奖，股票期权，带薪年假，定期体检，零食下午茶，五险一金
136,AI数据分析工程师(J10443),/job_detail/b2e04dca4fb5141a1XVy3di7EVBR.html,武汉·洪山区·光谷,18-20K·13薪,3-5年,硕士,华新技管,/gongsi/b92dc7db3c2dbd080nBz3Nu7FA~~.html,其他专业服务,已上市,1000-9999人,"['算法设计', '深度学习算法', '机器学习算法', '视觉图像算法', '推荐算法', '数据开发', '数据挖掘', '数据分析']",年终奖，通讯补贴，定期体检，节日福利，补充医疗保险，五险一金，带薪年假，员工旅游，零食下午茶，餐补，住房补贴
137,数据分析专家,/job_detail/b8291c9020d3b5fe1XV83di9ElpQ.html,武汉·江夏区·光谷,35-45K,5-10年,本科,福禄网络,/gongsi/c8aa2e4463f8ceb81H173NQ~.html,互联网,已上市,500-999人,"['Python', 'SQL', 'SPSS', 'SAS', 'Excel', 'Tableau']",交通补助，五险一金，全勤奖，餐补，定期体检，节日福利，带薪年假，年终奖
138,数据分析师,/job_detail/46e30761d6c535021n1-09S_EFRT.html,武汉·洪山区·光谷,15-30K·15薪,3-5年,本科,斗鱼,/gongsi/9459ad5584af2d781Xd42Nq6.html,互联网,已上市,1000-9999人,"['SQL', '用户分析', '用户增长', '数据策略', '指标体系']",节日福利，带薪年假，股票期权，零食下午茶，年终奖，定期体检，餐补，五险一金，补充医疗保险
139,数据安全分析师,/job_detail/f2a8aded89d5168b1n1y0t2_FVJX.html,武汉·东西湖区·吴家山,13-25K,1-3年,本科,恒安嘉新,/gongsi/f367cdf3fe9555ce1X150tq7.html,互联网,D轮及以上,1000-9999人,"['SQL', 'Python', '数据分析', '建模分析']",五险一金，年终奖，带薪年假，股票期权，员工旅游，节日福利，定期体检
140,数据分析运营,/job_detail/5625dc4422cbe20f1Xd729W-FFRV.html,武汉·洪山区·黄家湖大学城,6-11K,经验不限,本科,博彦科技,/gongsi/e715aa1be4283fc21nd62tq5.html,计算机软件,已上市,10000人以上,"['游戏类产品', '数据分析，用户研究']",节日福利，年终奖，定期体检，免费班车，五险一金，带薪年假
141,数据分析经理,/job_detail/b13370013f8c82ee1XZ639W8ElVR.html,武汉·江夏区·金融港,15-25K·13薪,5-10年,本科,D1M电商科技,/gongsi/b978344e2ef5ab9f0X1629W7Ew~~.html,电子商务,B轮,1000-9999人,"['Python', 'SQL', 'Spark', 'Hadoop']",五险一金，补充医疗保险，带薪年假，节日福利，年终奖，定期体检，员工旅游
142,湖北拓深招聘物流运营,/job_detail/a7abb3505aee764d1XRy09m5E1BY.html,武汉·黄陂区·滠口,5-8K,1-3年学历,不限,湖北拓深,/gongsi/f258ce5ce321d9781n1z29q6FFU~.html,物流/仓储,,20-99人,"['干线货运', '公路运输', '医保报销', '环境好', '五险一金', '年终奖']",
143,物流数据分析研究员,/job_detail/2b0b47953b9670aa1XR_2dS6FVRW.html,武汉·武昌区·中南路,120-150元/天,3天/周2个月,本科,广州市福思特科技...,/gongsi/ff3d805259cd49970nR509i4FA~~.html,计算机软件,不需要融资,100-499人,['数据分析'],通讯补贴，年终奖，五险一金，带薪年假，节日福利
144,京东物流招聘物流运营,/job_detail/ad784f6d0c471c421XV52Ni0F1NW.html,武汉,5-7K,1-3年,本科,京东物流,/gongsi/951e8bf16e0821e40HR909i1Fw~~.html,物流/仓储,已上市,10000人以上,['餐补'],免费班车，加班补助，节日福利，带薪年假，补充医疗保险，年终奖，餐补，定期体检，餐补，五险一金，股票期权，交通补助
145,编程、数据分析、课程撰写及汇总,/job_detail/9cbcef6081978db11XVz3Ni1FFFX.html,武汉·蔡甸区·沌口,4-9K,经验不限学历,不限,极点科技,/gongsi/732759d53aa502ae1XN_0920Fw~~.html,智能硬件,,0-20人,['非教育企业'],
146,项目经理（政务数据分析方向)）,/job_detail/82c2e1ac696b23ef1XV92d64GFFV.html,武汉,8-13K,3-5年,本科,中科曙光,/gongsi/4b2ee09cfe57cc5c3nZ_39-_FA~~.html,人力资源服务,未融资,20-99人,['需求分析评估'],员工旅游，节日福利，零食下午茶，定期体检，五险一金，带薪年假
147,跨境电商数据分析/产品开发,/job_detail/7c5b219cb34e62821XV739i5E1RX.html,武汉·江夏区·光谷,4-6K,经验不限,大专,武汉天霆,/gongsi/745b458d9b6097a53nF-2966GA~~.html,电子商务,未融资,20-99人,"['数据开发', '产品开发']",全勤奖，生日福利，节日福利
148,数据分析,/job_detail/fba6a4ed1888e8aa1XZ42N29GFpR.html,武汉,4-6K·13薪,经验不限,大专,京东物流-华中区域,/gongsi/231e24eb521feef21HR72964.html,物流/仓储,已上市,10000人以上,"['Python', 'SQL']",带薪年假，餐补，年终奖，节日福利，五险一金
149,AI数据分析工程师(J10443),/job_detail/42507852bc58718c1XVz3t-5ElBR.html,武汉·洪山区·光谷,18-20K·13薪,3-5年,硕士,华新技管,/gongsi/b92dc7db3c2dbd080nBz3Nu7FA~~.html,其他专业服务,已上市,1000-9999人,"['算法设计', '深度学习算法', '机器学习算法', '视觉图像算法', '推荐算法', '数据开发', '数据挖掘', '数据分析']",五险一金，带薪年假，补充医疗保险，员工旅游，年终奖，餐补，住房补贴，节日福利，通讯补贴，定期体检，零食下午茶
150,数据实习生（数据运维/实施/开发/分析岗）,/job_detail/5032db2b3279e0401XV-0t6_EVtT.html,武汉·江汉区·常青,150-300元/天,5天/周6个月,本科,卓信数据,/gongsi/e27392c23e7887d41Hd52Nm0EA~~.html,计算机软件,已上市,100-499人,"['SQL', 'Hadoop', 'Shell', 'HIVE', 'FineReport（帆软）', '数据']",加班补助，带薪年假，定期体检，节日福利，零食下午茶，年终奖，通讯补贴，团建，五险一金，交通补助
151,初级数据分析,/job_detail/fd49b0acf47cade61nR50tq_F1ZS.html,武汉·洪山区·光谷,10-15K·13薪,1年以内,本科,武汉贝贝游游戏,/gongsi/6bb4727ff3e02a951nZ43t-8ElM~.html,电子商务,,20-99人,"['数据分析', '商业分析']",
152,大数据分析专员,/job_detail/e6177421b62a4ab93n1y3N66FVM~.html,武汉·江夏区·光谷东,6-8K,3-5年,本科,华大基因,/gongsi/842382e02d9989b90nF83tS7FA~~.html,医疗设备/器械,,100-499人,"['数据分析', '数据挖掘', '数据仓库', 'SQL', '数据采集', '商业分析']",
153,城市经理（数据分析岗）,/job_detail/6586f21406e77db21nV83dm9FFVW.html,武汉·江夏区·金融港,4-6K,1-3年,大专,武汉黄绿蓝,/gongsi/a18532ad8fb0b1ff1nx82NW-EFI~.html,移动互联网,,20-99人,['数据分析'],
154,数据产品店铺运营分析师 理科生优先,/job_detail/5b8b76f635c570621H1709m_ElE~.html,武汉,5-10K,经验不限,大专,武汉微星电商,/gongsi/18baf90ef48ecf4903V539i0FA~~.html,电子商务,未融资,20-99人,"['数据分析', '英语四级', '店铺运营', '理工', '统计', '数据运营', '数据挖掘', '数据开发']",股票期权，员工旅游，加班补助，培训，年终奖，带薪年假，节日福利，补充医疗保险，通讯补贴，零食下午茶，五险一金
155,数据咨询师,/job_detail/e166d3a70d9a56900HJ92tq4FlQ~.html,武汉,8-13K·13薪,3-5年,本科,武汉慧辰,/gongsi/d9c50062c3820beb1XZz2Ny1FQ~~.html,数据服务,不需要融资,100-499人,"['数据分析', '数据挖掘', '商业分析', 'Python', 'SPSS', 'R', '网络爬虫技术', '咨询领域']",补充医疗保险，定期体检，五险一金，带薪年假，股票期权，节日福利，年终奖，员工旅游
156,数据统计员,/job_detail/7811c6180e62989d1nR80927F1FY.html,武汉·江岸区·建设大道,3-5K,1-3年学历,不限,新生医疗美容,/gongsi/baafd436a4545de71Hdy3Ni9.html,医疗健康,不需要融资,1000-9999人,"['数据分析', '统计学', 'Excel', '条件函数']",加班补助，工作手机，员工旅游，住房补贴，年终奖，零食下午茶，五险一金，生日会，全勤奖，包住，补充医疗保险，带薪年假，工作餐，餐补，节日福利，通讯补贴，包吃，定期体检
157,遥感数据处理工程师,/job_detail/480974b7cb6338c61Xx90ti-FlM~.html,武汉·武昌区·水果湖,5-9K,经验不限,本科,湖北彦一,/gongsi/f2204d1de9f653031nJ9092_EA~~.html,环保,未融资,20-99人,"['数据分析', '数据挖掘']",年终奖，补充医疗保险，交通补助，通讯补贴，加班补助，员工旅游，带薪年假，定期体检，五险一金，全勤奖，节日福利，餐补
158,高级数据分析师,/job_detail/2d436e3a4aa5faa91nJ_29m9EVVQ.html,武汉·洪山区·光谷,20-35K·15薪,3-5年,本科,斗鱼,/gongsi/9459ad5584af2d781Xd42Nq6.html,互联网,已上市,1000-9999人,"['Python', 'SQL', 'Hadoop', 'Spark', '描述统计', '方差分析']",餐补，股票期权，补充医疗保险，五险一金，年终奖，带薪年假，定期体检，节日福利，零食下午茶
159,高级数据分析,/job_detail/2b78af8abb43cfe21nN_09u6GFtT.html,武汉·洪山区·南湖,8-13K,1-3年,本科,易佰网络,/gongsi/16187be340a4bd9e1HF539y1.html,电子商务,已上市,1000-9999人,"['SQL', 'Python', 'R', 'Pandas', 'Excel', 'SPSS']",团建聚餐，专业培训，零食下午茶，全勤奖，员工旅游，股票期权，俱乐部，节日福利，生日福利，年终奖，带薪年假，交通补助
160,数据标注,/job_detail/177931132a66f6c71nJ_09i9FVtR.html,武汉·江夏区·光谷,3-5K,经验不限,大专,在图科技,/gongsi/8cca2a0b999cf9261nJ42di0E1I~.html,移动互联网,,20-99人,"['数据分析', '数据治理', 'gis', '地理信息', '测绘', 'Python', '数据挖掘']",
161,临床数据分析,/job_detail/629f497cefae01581nN509m8EVNW.html,武汉·江岸区·花桥,10-15K,1-3年,硕士,易侕科研,/gongsi/3be56fe7b0f23ff61XV-29u6EVU~.html,制药,,20-99人,"['临床研究', '临床监查员', '临床试验', 'CRC', '医学统计', '数据分析', 'DM', 'PM']",
162,数据专员,/job_detail/4f97c45de1a6f6d31nRz0tu4GVtS.html,武汉·江夏区·光谷,3-5K·13薪,1-3年,大专,武汉海云健康科技...,/gongsi/0bd21660933bdb471XB529i-Eg~~.html,医疗健康,A轮,100-499人,['数据分析'],零食下午茶，五险一金，带薪年假，股票期权，节日福利，年终奖，补充医疗保险，加班补助
163,数据统计专员,/job_detail/3740ec70632e97b11nN53Nm6F1RV.html,武汉·江岸区·建设大道,3-5K,1-3年,大专,新生医疗美容,/gongsi/baafd436a4545de71Hdy3Ni9.html,医疗健康,不需要融资,1000-9999人,"['Excel', '效度分析', '统计学', '数据分析', '数据统计']",住房补贴，工作手机，包住，餐补，五险一金，员工旅游，通讯补贴，工作餐，生日会，定期体检，加班补助，零食下午茶，包吃，带薪年假，全勤奖，年终奖，节日福利，补充医疗保险
164,营销中级顾问（大数据分析）-base佛山/武汉,/job_detail/d95e1cfd6e9122b51XV-29S6GVFR.html,武汉·洪山区·花山,10-15K·14薪,3-5年,本科,美云智数,/gongsi/4175315b8b28d0d00XB_39W8.html,互联网,不需要融资,1000-9999人,"['需求分析工程师', '实施工程师/顾问', 'bi', '营销', '业务咨询', '数据分析']",年终奖，五险一金，交通补助，餐补，带薪年假，节日福利，零食下午茶，员工旅游，定期体检，补充医疗保险，免费班车
165,数据分析岗,/job_detail/2b6d0b1f2ab0d0691XZ439-5EVdQ.html,武汉·洪山区·关山,3-5K,在校/应届,硕士,湖北三新,/gongsi/c6f87a0ab23eba1e0nV82dS9.html,企业服务,不需要融资,500-999人,"['多元统计分析', '应用数学，统计学']",五险一金，带薪年假，包吃，住房补贴，加班补助，节日福利，交通补助，年终奖，定期体检，员工旅游
166,商品数据分析,/job_detail/d12a2e87ee8dd5911nN73t24GVdV.html,武汉,5-8K,1-3年,大专,猫人,/gongsi/3b20c6748fea6fb20HBz3NS5Fw~~.html,服装/纺织/皮革,不需要融资,500-999人,"['服装销售数据分析', '服装供应链数据分析']",通勤车，交通补助，社保，包住，餐补，年终奖，带薪年假，免费班车，员工旅游，节日福利，通讯补贴
167,数据分析员,/job_detail/2416a8e475b1cebd1nJ62dm5F1RW.html,武汉,4-7K,1-3年,大专,湖北日晟行,/gongsi/1783c477fb0ffb421XZ83d29.html,工程施工,不需要融资,100-499人,"['数据分析员', '分析员']",五险，提供午餐，带薪年假，节日福利，年终奖
168,大数据分析讲师,/job_detail/1ff59af69ec7c9981nJ53tu6FFRX.html,武汉·洪山区·街道口,12-16K,3-5年,本科,英科数字创意产业中心,/gongsi/fd976d4ff36828f41nB93Nu-F1I~.html,培训机构,,20-99人,"['Python', 'Excel', 'SPSS', 'SAS', 'Tableau', 'Pandas', 'R']",
169,初级数据分析师,/job_detail/812a8d045b724f9f1XVy0t-1GVBR.html,武汉·洪山区·南湖,6-8K,1-3年,本科,易佰网络科技,/gongsi/ccefae1465c32a0a1nx43tS_Elc~.html,贸易/进出口,,1000-9999人,"['SQL', 'Python', '数学/统计相关专业', '计算机相关专业', '电商/零售行业数据相关经验', '销售助理', '数据处理']",
170,电商数据分析师,/job_detail/f5f015c1d0d7f3b31XZ80964GFZW.html,武汉·洪山区·光谷,5-8K,经验不限学历,不限,武汉鲸鱼传媒,/gongsi/dff9a4fd088e0dc31XV63tm5FVE~.html,文化/体育/娱乐,未融资,20-99人,['SQL'],年终奖，带薪年假，交通补助，全勤奖，五险一金，免费班车，零食下午茶，节日福利
171,大数据分析工程师,/job_detail/d85452eed3bcc0c11XV_3dS7EVdR.html,武汉·硚口区·古田,8-13K·13薪,1-3年,本科,盛聚祥物联科技有...,/gongsi/42bd6fe3ec7a113e1n173tu-Fls~.html,计算机服务,未融资,10000人以上,"['SQL', 'Hadoop', 'Hbase', 'Flink', 'Hive', 'Tableau']",带薪年假，五险一金，餐补，年终奖
172,大数据分析工程师,/job_detail/8729c3b842336cc91nx-2dq7GFdW.html,武汉·江夏区·光谷东,15-30K·14薪,经验不限,本科,深圳华为,/gongsi/f9853f80140028aa1ndy3d24.html,通信/网络设备,不需要融资,10000人以上,"['Python', 'SQL', 'Java']",通讯补贴，公司上下班车，带薪年假，全勤奖，节日福利，员工旅游，股票期权，年终奖，五险一金，加班补助，交通补助，免费班车，公司花园小区，定期体检，零食下午茶
173,高级商业数据分析师,/job_detail/133f3488113ce8061XZ62dS5FVZR.html,武汉·洪山区·南湖,12-20K,5-10年,本科,楚晋网络,/gongsi/578f7277982940fd1nZ-09i9FVU~.html,互联网,,100-499人,"['SQL', 'Python', 'Pandas']",企业年金，五险一金，员工旅游，带薪年假，零食下午茶，节日福利，住房补贴，餐补
174,大数据分析工程师,/job_detail/e175d28a977cde501XV_09-7EFRW.html,武汉·江汉区·后湖,5-7K·13薪,1-3年,本科,沃创科技,/gongsi/26c480cfcee3ac6a03J73N21Fw~~.html,计算机软件,未融资,20-99人,['SQL'],带薪年假，通讯补贴，五险一金，加班补助，全勤奖，节日福利，员工旅游，年终奖，定期体检
175,数据开发工程师,/job_detail/6a4c764a9f38bd363nF80t6-GFo~.html,武汉·洪山区·鲁巷,5-10K,经验不限学历,不限,数七云,/gongsi/2ea98f4172b2bb073ndz2di9Fw~~.html,计算机软件,未融资,20-99人,"['数据分析', '数据开发', 'ETL', '数据采集', 'SQL']",五险一金，加班补助，节日福利
176,英语数据分析,/job_detail/9d485d1fc979160e1n1-2ti_FFNW.html,武汉·洪山区·鲁巷,9-14K·14薪,经验不限,本科,人人公司,/gongsi/f34f966185d1132f1nR73Ny7.html,互联网,已上市,100-499人,"['大数据', 'SQL']",五险一金
177,工业大数据分析工程师,/job_detail/b490174f842d1d9e1nx-0tu5GFNS.html,武汉,12-24K·14薪,1-3年,硕士,TCL工业研究院,/gongsi/2645bd1b72bd90411XBy2di1FQ~~.html,学术/科研,未融资,100-499人,"['数据挖掘', '算法']",员工旅游，定期体检，年终奖，零食下午茶，股票期权，节日福利，带薪年假，补充医疗保险，五险一金
178,BI数据分析工程师,/job_detail/ae04138945775c351XVz29y1EldX.html,武汉·江夏区·光谷,10-15K·13薪,3-5年,大专,英志,/gongsi/1a7a3665cbad0fae0nZ63tu7Ew~~.html,移动互联网,不需要融资,20-99人,"['Power BI', 'Hadoop', '多元统计分析', 'SQL']",定期体检，五险一金
179,数据统计,/job_detail/0099b6c66d91c6b61XZ42NW_FFNW.html,武汉,4-6K,1-3年,大专,武汉璟博,/gongsi/7a6722da3b5793f833Z62N65Fw~~.html,工程施工,,20-99人,"['数据统计', '数据分析']",
180,房地产数据分析员,/job_detail/c8c9def394a44a0a1XZ40ty-FVRS.html,武汉·武昌区·徐东大街,4-6K,1年以内,本科,洪房评估,/gongsi/ac66b61246b1240f1n1-2tu4EVA~.html,房地产开发,未融资,100-499人,['Excel'],交通补助，住房补贴，员工旅游，带薪年假，五险一金，餐补，零食下午茶，加班补助，年终奖，节日福利
181,临床数据分析,/job_detail/8d6338bb2db721041nd73t64FlNQ.html,武汉·洪山区·花山,6-10K·14薪,1-3年,本科,倍森生物,/gongsi/6e8a07460395eea41nF62dq1GFQ~.html,学术/科研,,0-20人,"['数据分析', '基因组', '生物信息学专业']",
182,财务资深顾问（大数据分析）-base佛山/武汉,/job_detail/a725cf4a08a00c861XV-29S7FFdQ.html,武汉·洪山区·花山,15-30K·14薪,5-10年,本科,美云智数,/gongsi/4175315b8b28d0d00XB_39W8.html,互联网,不需要融资,1000-9999人,"['企业管理咨询', '需求分析工程师', '财务', '数据分析', '业务咨询', '项目管理', '数字化', '大数据']",节日福利，零食下午茶，员工旅游，定期体检，免费班车，餐补，交通补助，年终奖，带薪年假，补充医疗保险，五险一金
183,用户体验大数据工程师,/job_detail/20b02b00e9db71e11XZ70tq6FFVX.html,武汉·江夏区·光谷东,15-30K,1-3年,本科,华为,/gongsi/02cd05cce753437e33V50w~~.html,计算机软件,不需要融资,10000人以上,"['Java', 'Python', 'SQL', '数据分析']",零食下午茶，员工旅游，节日福利，股票期权，餐补，加班补助，五险一金，补充医疗保险，定期体检，年终奖
184,数据挖掘,/job_detail/f920e3f020ed026d0HN92tq0GFo~.html,武汉·洪山区·徐东大街,15-20K,3-5年,本科,富有,/gongsi/a7ac78f7175073131nV73Ny4Eg~~.html,互联网,不需要融资,20-99人,"['数据挖掘', '数据分析', '网络爬虫技术', '数据仓库', '数据库开发']",员工旅游，节日福利，带薪年假，加班补助，定期体检，零食下午茶，全勤奖
185,数据产品经理,/job_detail/1e719846be3c3eb01nJz0t60FlNW.html,武汉·洪山区·南湖,4-6K,1-3年,本科,武汉简讯,/gongsi/0c543839d2dd61201nB92926EVI~.html,互联网,未融资,0-20人,"['数据分析', '大数据产品', 'B端产品', '需求分析']",员工旅游，加班工作餐
186,产品经理（数据方向）,/job_detail/07ec3625671d8dd61n1-3925E1NX.html,武汉·汉阳区·七里庙,15-22K,3-5年,本科,汉阳市政,/gongsi/b073e24fb19afc871nVz2ti-GFc~.html,工程施工,不需要融资,1000-9999人,"['产品设计', '需求分析', '数据分析', '产品规划', '项目管理', '数据产品']",包吃，节日福利，加班补助，年终奖，零食下午茶，定期体检，带薪年假，五险一金
187,数据挖掘工程师,/job_detail/cae477525f6bc3a53nZz0t-4FlM~.html,武汉·洪山区·关山,12-18K,3-5年,本科,武汉游戏群,/gongsi/67e330425c8adeab1n1_3tq5.html,游戏,未融资,500-999人,"['数据挖掘', '数据分析', 'Python', 'SQL', '游戏', '数据治理']",节日福利，加班补助，餐补，通讯补贴，年终奖，交通补助，员工旅游，股票期权，全勤奖，零食下午茶，带薪年假，补充医疗保险，五险一金
188,数据运营,/job_detail/7f2aa55405dfe74c1XB93dq-E1c~.html,武汉·江汉区·江汉路,3-6K,1年以内,本科,透明生活,/gongsi/0b17bc507f447a981ndy3t2-Eg~~.html,互联网,A轮,20-99人,"['数据分析', '数据处理', '数据提取']",节日福利，五险一金，带薪年假，年终奖，加班补助，零食下午茶，定期体检
189,Python金融数据工程师,/job_detail/d32a460a6385a7833nF-2d28E1o~.html,武汉·江夏区·光谷东,6-11K·13薪,1-3年,本科,芯云道,/gongsi/4a029edc9dd9b9921nNz3NS_EA~~.html,计算机服务,未融资,20-99人,"['Redis', 'NoSQL', 'MongoDB', '数据分析', 'python']",年终奖，节日福利，股票期权，餐补，零食下午茶
190,地图数据产品经理,/job_detail/d110ea8746fd617a1XR-0t66FFRQ.html,武汉·江夏区·金融港,15-25K·15薪,3-5年,本科,丰图科技,/gongsi/bac40d4bd63253201nZ72tq1EFM~.html,互联网,A轮,1000-9999人,['数据分析'],餐补，带薪年假，节日福利，五险一金，补充医疗保险，通讯补贴，定期体检，年终奖
191,数据架构师,/job_detail/a8ee1ded1c1ef5dc1XZ73t28EVZR.html,武汉·汉阳区·沌口,15-25K,10年以上,本科,武汉集远,/gongsi/d676673c5bf55db41nd42d-9FFY~.html,通信/网络设备,不需要融资,20-99人,"['数据分析', '数据挖掘', '数据仓库']",五险一金
192,舆情分析师,/job_detail/36820c17bbfe7e5e0XJ93tW4GVQ~.html,武汉·洪山区·南湖,4-6K,1-3年,本科,清博智能,/gongsi/b4b6d75dc556ae3c1nB509m6EFs~.html,计算机软件,B轮,500-999人,"['分析', '互联网', '数据']",节日福利，交通补助，五险一金，带薪年假，股票期权，弹性工作，定期体检
193,产品经理（数据）,/job_detail/44148b3f3f561c8e1XZ73N-6EFBT.html,武汉·江夏区·藏龙岛,15-20K·13薪,3-5年,本科,丽迅科技,/gongsi/15da07d48a69bfb61n1y3Ny1E1Q~.html,互联网,不需要融资,100-499人,"['大数据产品', '数据分析', 'Visio', 'SQL', '数据产品']",五险一金，节日福利，生日福利，团建聚餐，免费工装，零食下午茶，定期体检，带薪年假，年终奖
194,大数据架构师,/job_detail/6e023360cb5e69010nB_0t-9GFA~.html,武汉·洪山区·徐东大街,20-30K,5-10年,本科,湖北中巽泰,/gongsi/32cbed74737ac4ab1XZ709W-Eg~~.html,计算机软件,未融资,20-99人,"['分布式框架', '大数据', '架构师', 'Java', '数据挖掘', '数据分析', '数据库开发', '人工智能']",全勤奖，补充医疗保险，通讯补贴，带薪年假，年终奖，股票期权，五险一金，定期体检，交通补助，节日福利
195,数据产品经理-银行,/job_detail/07310907eac5caa31nx82Ny7EVpS.html,武汉·江汉区·西北湖,15-30K·14薪,3-5年,本科,铭才咨询,/gongsi/474ea76e7ae5213b1nJ529y-F1U~.html,人力资源服务,,0-20人,"['SQL', '平台产品', '产品设计', '数据分析']",
196,大数据开发工程师,/job_detail/37951282a18062280HN42tm5FFc~.html,武汉·洪山区·光谷,11-12K,3-5年,本科,长城战略咨询,/gongsi/5e709b0df4c05ae91XNy3tS_EA~~.html,咨询,不需要融资,500-999人,"['数据仓库', '数据挖掘', '数据分析', '大数据']",五险一金，定期体检，节日福利，年终奖，带薪年假，地区补贴，餐补，零食下午茶，人才津贴
197,高级大数据产品经理,/job_detail/60f86a12bf7dd30c1XV429q1GVpQ.html,武汉·洪山区·光谷,15-25K·13薪,5-10年,本科,动游科技,/gongsi/66abb3f76fa708b11XN_0tm-EQ~~.html,游戏,不需要融资,100-499人,"['SQL', '大数据产品', '产品设计', '数据分析']",员工旅游，定期体检，年终奖，节日福利，婚育贺金，零食下午茶，餐补，全勤奖，五险一金，带薪年假，补充医疗保险
198,数据产品经理,/job_detail/6394f7d7768488241XV62du6GFtY.html,武汉·洪山区·街道口,12-18K·16薪,5-10年,本科,理工数传,/gongsi/faa855501c8f20610XZ80tS1.html,互联网,D轮及以上,100-499人,"['市场调研', '数据分析']",股票期权，全勤奖，年终奖，交通补助，五险一金，加班补助，定期体检，零食下午茶，节日福利，带薪年假，通讯补贴，员工旅游，薪酬
199,高级数据咨询顾问（电力行业）,/job_detail/2fa581dc654b8ba61XVz39S0EFJX.html,武汉·武昌区·东亭,15-30K·13薪,3-5年,本科,健新科技,/gongsi/236f7ad0d21195731nNy3NS_E1Y~.html,计算机软件,B轮,500-999人,"['市场调研', '产品设计', '数据分析', 'MindManager', 'Visio', '专题分析', '原型设计']",员工旅游，定期体检，五险一金，股票期权，包吃，年终奖，带薪年假，零食下午茶，节日福利
200,数据研发专家(杭州),/job_detail/197cf1d42ad23c900XVy3tm4E1U~.html,武汉·洪山区·光谷,28-45K·15薪,经验不限,本科,阿里巴巴集团,/gongsi/5d627415a46b4a750nJ9.html,互联网,已上市,10000人以上,"['数据仓库', '数据挖掘', '数据分析', 'Python', 'Shell', 'Java', '大数据', '商业智能']",年终奖，员工旅游，交通补助，餐补，节日福利，零食下午茶，免费班车，补充医疗保险，五险一金，股票期权
201,数据产品经理,/job_detail/7804835a0f1b66471nx52dW4GFBQ.html,武汉·洪山区·关山,20-40K·14薪,3-5年,本科,金山办公软件,/gongsi/3c1c53145ad9e62903Rz29U~.html,移动互联网,已上市,1000-9999人,"['产品设计', '产品运营', '数据分析', 'MySQL', 'SQL', '后台产品', 'B端产品', '大数据产品']",免费班车，员工旅游，零食下午茶，五险一金，定期体检，带薪年假，节日礼物，年终奖，股票期权，按摩室，餐补，补充医疗保险，理发室
202,数据需求及数据产品经理,/job_detail/c5f8425a1bb5c9ca1nN_3ti0F1VW.html,武汉·江夏区·光谷,10-15K,经验不限,硕士,长江证券,/gongsi/4bf799be97fa31621HF63dk~.html,互联网金融,不需要融资,1000-9999人,"['SQL', 'MySQL', '需求分析', '数据分析', '产品设计', '产品/版本迭代', 'Axure', '墨刀']",通讯补贴，带薪年假，员工旅游，定期体检，交通补助，补充医疗保险，节日福利，包吃，餐补，五险一金，年终奖
203,GIS数据工程师,/job_detail/894f3617de1bd4a81XR53dm-F1dY.html,武汉·武昌区·大东门,10-15K,1-3年,本科,易智瑞,/gongsi/2dfe3b3f6c72b1cf33d709i4GA~~.html,计算机软件,不需要融资,100-499人,"['ArcGIS', '数据生产', '数据库建设', '数据分析', '数据处理', '制图', '数据解决方案', '大数据治理']",补充医疗保险，交通补助，五险一金，定期体检，带薪年假，通讯补贴，节日福利，年终奖
204,数据产品经理,/job_detail/5559145cab5224071XR_2tm4GVVQ.html,武汉·洪山区·光谷,10-15K,5-10年,大专,武汉数为科技,/gongsi/37ef54dce0af4f5d1nBz0924GFs~.html,数据服务,A轮,20-99人,"['B端产品', '大数据产品', '数据分析', '产品/版本迭代', '需求分析', '产品设计']",带薪年假，五险一金，零食下午茶，节日福利，年终奖
205,拼多多招聘物流专员,/job_detail/be9defe64de62c371nd42tm7GVBX.html,武汉·江夏区·纸坊,5-8K,1-3年,大专,拼多多,/gongsi/ea9c5680f57d53d71HV90ty5.html,移动互联网,已上市,1000-9999人,"['统计员', '数据分析', '仓库文员']",年终奖，包吃，节日福利，五险一金，股票期权，带薪年假，定期体检，交通补助
206,数据分析及报表开发工程师,/job_detail/3c89e99f04df64e11XV92N-0EFZV.html,武汉·江夏区·光谷,10-15K·14薪,3-5年,本科,太平金科,/gongsi/cc50c26ac17e79d91nd809W0GQ~~.html,互联网金融,已上市,1000-9999人,"['Kafka', 'Pig', 'Flink', 'Spark', 'ECharts', 'Hive', 'Presto', 'SQL']",定期体检，节日福利，补充医疗保险，全勤奖，餐补，五险一金，带薪年假，加班补助
207,无人机数据处理算法工程师,/job_detail/b3b56cfa11c3ed7a1HV72ti9ElE~.html,武汉·江夏区·光谷,12-20K,经验不限,硕士,航天宏图,/gongsi/4a3f51d570b0562c1XR82d-_.html,计算机软件,已上市,1000-9999人,"['数据分析', '机器学习']",餐补，通讯补贴，年终奖，五险一金，带薪年假，定期体检，股票期权，节日福利，交通补助，包吃，员工旅游
208,数据库开发工程师,/job_detail/94004ad1cfc2e4231nR60t26EFVQ.html,武汉·洪山区·石牌岭,8-13K,3-5年,大专,北科软件,/gongsi/47b33630b577e5501nJy29i4Eg~~.html,计算机软件,未融资,100-499人,"['数据开发', 'ETL', '数据库开发', 'DBA', '数据分析']",五险一金，带薪年假，餐补，股票期权，交通补助
209,数据产品经理（互联网医疗）,/job_detail/a8f91e9ce5d53f5a1nVy3dW8EFJQ.html,武汉,15-25K·14薪,3-5年,本科,九州通健康集团,/gongsi/07aae3bfc549b4a21nJ63du6F1s~.html,医疗健康,不需要融资,1000-9999人,"['数据分析', '大数据产品', '市场调研', 'BI', '互联网医疗', 'TO B', '大健康']",带薪年假，五险一金，包吃，生日福利，年终奖，购药福利，季度团建，包住，节日福利，女神节带薪假
210,大数据算法高级工程师,/job_detail/4f2d6d4e3473d8ff1nJ73N65E1FR.html,武汉,20-40K,3-5年,硕士,易久批,/gongsi/43fd60ccb19c00ef1nV509-6FVs~.html,批发/零售,D轮及以上,1000-9999人,"['深度学习算法', '推荐算法', '算法设计', '机器学习算法', 'Python', '推荐系统', '数据挖掘', '数据分析']",股票期权，带薪年假，年终奖
211,大数据开发工程师,/job_detail/7fd63fe5559d93c91XZ609q7E1BW.html,武汉·江夏区·光谷东,11-22K·14薪,经验不限,本科,华为技术有限公司,/gongsi/21124e51a5ea83a80nR80ti8.html,计算机软件,不需要融资,10000人以上,"['Python', 'Spark', 'ETL', 'Hadoop', '数据仓库', '数据分析']",交通补助，年终奖，加班补助，补充医疗保险，五险一金，带薪年假，全勤奖，股票期权，免费班车，住房补贴，零食下午茶，节日福利，离职补偿，餐补，员工旅游，定期体检，通讯补贴
212,大数据开发工程师,/job_detail/994806181b7071cc0HN-3du7F1Q~.html,武汉·洪山区·光谷,10-15K,3-5年,本科,武汉长江通信智联,/gongsi/11081d6e6bd53ef20Xx43tu_.html,互联网,已上市,100-499人,"['数据挖掘', '大数据', '数据分析']",年终奖，补充医疗保险，带薪年假，餐补，五险一金，交通补助，节日福利，定期体检，通讯补贴
213,高级大数据ETL开发工程师,/job_detail/50473a89130e8dfa1nRz2dq8FVdX.html,武汉·洪山区·光谷,25-40K,5-10年,本科,孚创,/gongsi/d197afe75da2a3e933Z82ty4EQ~~.html,4S店/后市场,未融资,100-499人,"['数据仓库', '数据分析']",员工旅游，补充医疗保险，交通补助，年终奖，带薪年假，加班补助，五险一金，定期体检
214,数据分析岗,/job_detail/0db5635cae5c8dcb1XV93929ElRX.html,武汉,6-8K·15薪,1-3年,大专,京东物流,/gongsi/951e8bf16e0821e40HR909i1Fw~~.html,物流/仓储,已上市,10000人以上,"['Python', 'SQL', 'Excel']",补充医疗保险，餐补，年终奖，加班补助，定期体检，交通补助，带薪年假，股票期权，五险一金，节日福利，免费班车，餐补
215,数据产品（面向2022届毕业生-武汉）,/job_detail/2502ba4f5c3a00051nx82di_GVRX.html,武汉·洪山区·光谷,15-30K·14薪,在校/应届,本科,金山WPS,/gongsi/b1cedecba6ac2a271HBz39o~.html,互联网,已上市,1000-9999人,"['平台产品', '数据分析', '用户增长', '产品运营', 'SQL']",补充医疗保险，节日福利，五险一金，年终奖，餐补，加班补助，包吃，股票期权，通讯补贴，零食下午茶，定期体检，免费班车，住房补贴，带薪年假，交通补助，健身房，员工旅游，全勤奖，瑜伽室
216,数据标注生产主管,/job_detail/528596d4d13188eb1XZ40ti1FVNQ.html,武汉·江夏区·光谷东,6-9K,1-3年,大专,旷视MEGVII,/gongsi/075e0d17cd137e971nV43NU~.html,计算机服务,D轮及以上,1000-9999人,"['数据分析', '项目管理']",年终奖，零食下午茶，带薪年假，免费班车，补充医疗保险，员工旅游，定期体检，交通补助，五险一金，节日福利，餐补
217,数据建模分析工程师及产品售前技术支持,/job_detail/6fdb13426c7e925d1nZ43di9FFJX.html,武汉·武昌区·徐家棚,11-16K,3-5年,本科,得见科技,/gongsi/df3cded59eab88d41HZ43ti6FA~~.html,移动互联网,A轮,20-99人,['数据建模'],全勤奖，股票期权，五险一金，带薪年假
218,数据产品经理,/job_detail/dee21fc9bb43a0231n182dy8FlpV.html,武汉·洪山区·关山,15-25K·13薪,5-10年,本科,运通华瑞,/gongsi/0e17ed01662e70443nV83di7EA~~.html,批发/零售,B轮,1000-9999人,"['数据产品', '用户增长', '产品设计', '需求分析', '市场调研', '数据分析', '大数据', '电子商务']",节日福利，餐补，包吃，住房补贴，年终奖，加班补助，带薪年假，交通补助，全勤奖
219,数据采集开发工程师,/job_detail/96005ff1c4aad13103R709i0FVU~.html,武汉·硚口区·古田,5-8K,1-3年,大专,中鹏云科,/gongsi/600044b39a5c30d91Xx439m-GQ~~.html,电子商务,未融资,100-499人,"['数据分析', 'MySQL', 'SQLServer']",带薪年假，全勤奖，员工旅游，加班补助，定期体检
220,高级数据架构师,/job_detail/726edb730fde72f93nxy0tS9ElY~.html,武汉·江夏区·光谷,12-15K,5-10年,本科,灵慧云,/gongsi/10ecf5d19931f10333F93N20FA~~.html,互联网,未融资,0-20人,"['架构师', '数据架构师', '数据挖掘', '数据治理', '数据采集', '数据分析', '数据仓库', 'CTO']",五险一金，包吃，带薪年假，员工旅游
221,数据维护专员,/job_detail/4be86e538093dc2d33x43du5FVc~.html,武汉·洪山区·光谷,4-9K·15薪,3-5年,本科,车来了,/gongsi/fdd3ffa1c1b6f9f21XN_0ti7.html,移动互联网,C轮,100-499人,"['数据标注', '数据分析', '数据运营']",带薪年假，交通补助，五险一金，零食下午茶，加班补助，定期体检，节日福利，员工旅游，补充医疗保险，年终奖，餐补，通讯补贴
222,统计学类 英文学术期刊助理编辑,/job_detail/6a861a3e908dddd41XV80tS7E1dR.html,武汉·武昌区·丁字桥,11-14K,经验不限,硕士,曼迪匹艾,/gongsi/adc71f375b7e41e133J42N-1.html,其他行业,不需要融资,1000-9999人,"['统计学', '数学', '经济', '数据分析', '理科', '英语']",节日福利，餐补，带薪年假，零食下午茶，定期体检，五险一金，交通补助，年终奖
223,数据中台产品研发经理,/job_detail/4ca30dd887d976291XV90tS6F1RQ.html,武汉·武昌区·积玉桥,15-25K,3-5年,本科,数产集团,/gongsi/fb5e162b13065ba11nd43Ni_EFI~.html,互联网,不需要融资,100-499人,"['数据产品', '产品设计', '用户研究', '产品运营', '数据分析']",五险一金，餐补，交通补助，企业年金，年终奖，节日福利，定期体检，通讯补贴
224,建模分析师,/job_detail/e711da9b4db065111nFy09S0FVpV.html,武汉,11-20K·14薪,1-3年,本科,中诚信征信,/gongsi/22bc726af5f8fb761X1_3tk~.html,互联网金融,不需要融资,100-499人,"['SQL', 'Python', '数据挖掘', '数据分析']",补充医疗保险，零食下午茶，五险一金，年终奖，周五福利，带薪年假，员工旅游，定期体检，节日福利
225,供应链中级顾问（大数据分析）base佛山武汉,/job_detail/39cad291da335d111XV-2t29EFFZ.html,武汉·洪山区·花山,10-15K·14薪,3-5年,本科,美云智数,/gongsi/4175315b8b28d0d00XB_39W8.html,互联网,不需要融资,1000-9999人,"['企业管理咨询', '需求分析工程师', '实施工程师/顾问', '供应链', '数据分析', '业务咨询']",零食下午茶，交通补助，免费班车，补充医疗保险，带薪年假，员工旅游，年终奖，五险一金，节日福利，餐补，定期体检
226,数据产品经理,/job_detail/75547be2fe0edbe31XR439W7GFVR.html,武汉·洪山区·光谷,20-40K·15薪,3-5年,本科,微派,/gongsi/1e160dfb74ce1ed903V62ti7.html,移动互联网,B轮,500-999人,"['大数据产品', '推荐产品', '产品/版本迭代', '数据分析', 'TO C', '需求分析', 'C端产品']",加班补助，互联网文化，交通补助，五险一金，年终奖，员工旅游，股票期权，定期体检，带薪年假，节日福利，零食下午茶，年终奖丰厚
227,大数据安全分析师,/job_detail/ce1d386360fed3171n1y0t29F1RQ.html,武汉·东西湖区·吴家山,13-25K·13薪,1-3年,本科,恒安嘉新,/gongsi/f367cdf3fe9555ce1X150tq7.html,互联网,D轮及以上,1000-9999人,"['Python', 'SQL', 'Shell', '渗透测试', '网络安全', '安全运营', '数据分析']",带薪年假，五险一金，年终奖，定期体检，股票期权，节日福利，员工旅游
228,数据分析岗,/job_detail/ed8a738472a9fe391XV709-4EltR.html,武汉·江夏区·藏龙岛,10-15K·14薪,3-5年,本科,万物云,/gongsi/4a3b8f2934b5ca341nZ83NW5FFo~.html,物业服务,未融资,10000人以上,['Excel'],七险一金，定期体检，员工旅游，交通补助，餐补，通讯补贴，节日福利，加班补助，带薪年假，补充医疗保险
229,数据运营,/job_detail/4848903e2fc144841HN53tu8FVc~.html,武汉·硚口区·宝丰崇仁,5-9K·13薪,经验不限,本科,爱给网,/gongsi/2333eccb6f23527d1Xxz2t-7Eg~~.html,移动互联网,天使轮,20-99人,"['SQL', '业务分析', '数据分析']",五险一金，定期体检，带薪年假，员工旅游，年终奖，股票期权，零食下午茶
230,数据产品经理,/job_detail/a419f3278e6b88ea1XR42tS8F1JS.html,武汉·洪山区·花山,18-25K·16薪,1-3年,本科,招商证券股份有限公司,/gongsi/4e11f22560de665f1XR82Ny_Eg~~.html,证券/期货,已上市,10000人以上,"['需求分析', 'MySQL', '数据分析', 'Axure']",交通补助，年终奖，五险一金，带薪年假
231,数据产品专员,/job_detail/6914924f274d89a21XZ62N29ElNQ.html,武汉·江汉区·武汉商务区,7-12K,1-3年,本科,武汉链享医药供应链,/gongsi/ef240c3b65ea846f0nF43d6_.html,互联网,A轮,20-99人,"['SQL', '功能产品', '数据产品', '后台产品', '策略产品', '产品设计', '产品运营', '数据分析']",员工旅游，节日福利，餐补，五险一金，加班补助，通讯补贴，带薪年假
232,产品专员（市场调研/数据研究）,/job_detail/51835090c52fefa81n19396_E1ZX.html,武汉·东西湖区·金银湖,6-10K·14薪,1-3年,本科,良品铺子,/gongsi/228e4ad4d1abb4be1nV_3924FQ~~.html,其他行业,已上市,10000人以上,"['市场调研', '数据分析', '用户研究', '需求分析']",全勤奖，加班补助，绩效工资，级别奖，节日福利，定期体检，带薪年假，五险一金，年终奖
233,大数据开发工程师,/job_detail/f853ca2ddcc602851nJ529S4GVNX.html,武汉·洪山区·徐东大街,12-18K·15薪,3-5年,本科,湖北中巽泰,/gongsi/32cbed74737ac4ab1XZ709W-Eg~~.html,计算机软件,未融资,20-99人,"['Java', '数据开发', '数据挖掘', '数据治理', '数据分析', '数据采集', '大数据']",交通补助，年终奖，五险一金，带薪年假，股票期权，定期体检，全勤奖，节日福利，补充医疗保险，通讯补贴
234,大数据产品经理,/job_detail/94f576a86398c7bc1XV82N60ElZW.html,武汉·江夏区·金融港,12-18K·13薪,3-5年,本科,丽迅科技,/gongsi/15da07d48a69bfb61n1y3Ny1E1Q~.html,互联网,不需要融资,100-499人,"['数据产品', '大数据产品', '产品设计', '数据分析', 'Visio']",年终奖，带薪年假，免费工装，生日福利，定期体检，团建聚餐，五险一金，零食下午茶，节日福利
235,英语数据实习生,/job_detail/5ce15eefd2cd56f21XRz2N21ElNS.html,武汉·江夏区·光谷,100-150元/天,4天/周3个月,本科,人人公司,/gongsi/f34f966185d1132f1nR73Ny7.html,互联网,已上市,100-499人,['数据分析'],五险一金
236,大数据分析+15-25K+朝阳行业,/job_detail/3f6d72888ca8a28f1n163d61F1BQ.html,武汉·江夏区·光谷,15-25K·13薪,3-5年,本科,亿量科技,/gongsi/ed92e57f6e59810303Z53Nq7FQ~~.html,计算机软件,B轮,500-999人,['Python'],带薪年假，通讯补贴，全勤奖，加班补助，节日福利，零食下午茶，餐补，五险一金，员工旅游，股票期权，年终奖
237,数据专员,/job_detail/b9dba7941491165f1nZ-2tq_FVJQ.html,武汉·江汉区·西北湖,4-6K,经验不限,大专,云估价,/gongsi/6b915c8a90ff91313nx-3di1.html,数据服务,A轮,100-499人,"['数据处理', '数据分析']",餐补，零食下午茶，全勤奖，节日福利，年终奖，五险一金，带薪年假
238,数据产品经理,/job_detail/cbc0c9e615b603e81nZy2d6_ElNR.html,武汉·洪山区·珞狮南路,20-40K·13薪,3-5年,本科,正大集团,/gongsi/a84fab08b90a64af33Nz0ti1Fw~~.html,农/林/牧/渔,未融资,10000人以上,"['产品设计', '数据分析']",带薪年假，餐补，免费班车，定期体检，五险一金，年终奖，交通补助，通讯补贴
239,检测数据分析员,/job_detail/2b5f4d0e0427825d1XV50ty0FltR.html,武汉·洪山区·光谷,3-8K,经验不限,大专,盾护达,/gongsi/1b9dee0b7c8655051n1y2dq5FVo~.html,建材,,0-20人,"['公路水运工程试验检测', '土木工程桥梁专业者']",补充医疗保险，团建聚餐，意外险，工龄奖，定期体检，全勤奖，保底工资，餐补，零食下午茶，有无线网，年终奖
240,产品数据专员,/job_detail/1dc9e8cb50d32a581nFz09i5GFBY.html,武汉·洪山区·光谷,6-8K,经验不限,本科,震坤行,/gongsi/2053d30ab24476471HB43d-0.html,互联网,D轮及以上,1000-9999人,"['数据分析', '产品运营']",餐补，年终奖，定期体检，股票期权，补充医疗保险，交通补助，节日福利，员工旅游，五险一金，通讯补贴
241,数据产品经理,/job_detail/84572405270a1b011nN_3Nq8GVE~.html,武汉·洪山区·光谷,5-10K,1-3年,本科,中科图灵,/gongsi/b6e79a2fe5c3d8b81nF42dW7Eg~~.html,计算机服务,天使轮,20-99人,"['产品经理', '数据分析', '产品助理']",五险一金，零食下午茶，加班补助，带薪年假，餐补，年终奖，股票期权，节日福利
242,数据产品经理,/job_detail/3ccbd00ffc48ce8c1n1z2Ny-EFFW.html,武汉·汉阳区·沌口,20-30K·15薪,3-5年,本科,上海悦策供应链管理,/gongsi/a9eab3149812c61503V-2tm-Ew~~.html,基金,,20-99人,"['数据分析', '需求分析', 'SQL', 'Visio', 'MindManager']",员工旅游，餐补，年终奖，五险一金，带薪年假
243,医学数据挖掘分析,/job_detail/330f6cc87af9b9491n1_0ty5E1dV.html,武汉·武昌区·汉街,6-11K·13薪,经验不限,本科,东华医为,/gongsi/4e46bd1e4da8c6dd1nBy0tm9FA~~.html,医疗健康,未融资,1000-9999人,"['临床研究', '医药科研']",五险一金，年终奖，定期体检，节日福利，带薪年假，补充医疗保险
244,数据管控工程师,/job_detail/0063a6fbb83ac0271Hd63di1GFM~.html,武汉·江夏区·流芳,13-26K,3-5年,本科,九江银行,/gongsi/c9227a194b4b6f701nFy39i5.html,互联网金融,不需要融资,1000-9999人,"['数据处理', '数据分析', '数据架构']",
245,临床数据分析员,/job_detail/30ed17335bf4bfe91XV529i0GFVV.html,武汉·洪山区·鲁巷,6-11K·13薪,1-3年,本科,金豆数据,/gongsi/983e720c741a51f31nB_09i4.html,医疗健康,B轮,100-499人,"['临床研究', '临床协调']",节日福利，五险一金，带薪年假
246,数据开发工程师（教培机构老师转行IT）,/job_detail/63d2ded8b0340faa1nx53924GFRR.html,武汉·洪山区·岳家嘴,7-10K,1-3年,本科,罗盘科技,/gongsi/9cb7c88571794f011H1-2d60.html,计算机软件,,20-99人,"['SQL', 'Java', 'Python', 'HIVE', '大数据', '数据可视化', '数据治理', '数据分析']",
247,数据仓库,/job_detail/5c7811a01498bf171Xd-0ti5EVE~.html,武汉·江岸区·后湖,3-5K,在校/应届,本科,武汉市独特逻辑大...,/gongsi/9956db2370588ffa1XBy2tu1GQ~~.html,分类信息,不需要融资,0-20人,"['数据分析', '数据库', '数据处理']",
248,电商数据分析师,/job_detail/2df8965e431d3f561XVy3dm8FFVV.html,武汉·汉阳区·王家湾,5-7K,5-10年,本科,煜韩,/gongsi/d46ef0bc9d5dd9fc1H152tq6EA~~.html,电子商务,未融资,100-499人,"['Python', 'SQL']",节日福利，带薪年假，五险一金，全勤奖，餐补
249,高级数据实施工程师,/job_detail/d77e445210f1c1623nR82ty4ElI~.html,武汉·洪山区·鲁巷,8-13K·13薪,3-5年学历,不限,鲸视科技,/gongsi/426a84e1178dd6861nRy2dy-GVs~.html,数据服务,未融资,20-99人,"['ETL', 'DBA', '数据治理', '数据分析']",突出共享奖，零食下午茶，节日福利，年终奖
250,临床数据分析,/job_detail/fea4369ddae84f801XV709S-F1BV.html,武汉·洪山区·光谷,10-15K·13薪,1-3年,本科,良培基因,/gongsi/55518a95a6b173530nZ82d-7GA~~.html,检测/认证,,20-99人,"['生物工程', '生物信息', '生信']",
251,临床数据分析,/job_detail/4bd9bea1cd7c494b1XZ729m_GFVW.html,武汉·洪山区·花山,9-14K·13薪,1-3年,本科,康圣贝泰,/gongsi/f0ae23f64f898f401XRy3Nq8F1I~.html,制药,天使轮,20-99人,"['临床研究', '生物工程', '分子生物', '二代测序', '报告解读', '临床数据分析']",餐补，定期体检，节日福利，住房补贴，五险一金
252,数据采集工程师,/job_detail/ab4a54f02683e29e1nBz3ti0F1BQ.html,武汉·洪山区·光谷,7-10K,3-5年,大专,纺友,/gongsi/3735691d609115221nN43ti1Eg~~.html,互联网,不需要融资,100-499人,"['数据挖掘', '数据仓库', '数据分析']",带薪年假，包吃，零食下午茶，加班补助，年终奖，节日福利，餐补，全勤奖，五险一金
253,商业数据分析,/job_detail/5d6356f45a44cfde1nxy2Ny8FlZR.html,武汉·洪山区·光谷,10-15K,3-5年,本科,国信创新,/gongsi/fe09463d11ab36801HV73dW-.html,企业服务,未融资,100-499人,['平台类产品'],补充医疗保险，带薪年假，年终奖，交通补助，全勤奖，餐补，员工旅游，定期体检，五险一金
254,大数据分析师,/job_detail/3f838bc39ad761b01XZ709S8FFJS.html,武汉·江夏区·光谷,10-15K,在校/应届,硕士,华志信,/gongsi/0dd1cc0549dfe10903F629W-.html,计算机软件,已上市,20-99人,"['Java', 'Python', '自然语言处理', '深度学习算法']",带薪年假，加班补助，五险一金，定期体检，节日福利，餐补
255,数据产品经理,/job_detail/4a2b2ef1afc81e1d1nN43dS_EFVQ.html,武汉·硚口区·古田,15-30K·14薪,3-5年,本科,数势科技,/gongsi/f4359e369affbe033nV639S_Fw~~.html,企业服务,A轮,100-499人,"['产品设计', 'TO B', '数据分析', '大数据产品']",零食下午茶，年终奖，带薪年假，出差补助，节日福利，股票期权，五险一金
256,数据研发工程师,/job_detail/722c571732e0b81e1nN-2Nm-FVZY.html,武汉·江夏区·藏龙岛,15-25K,3-5年,本科,丰图科技,/gongsi/6d1728700c97897c0XN92tS7EQ~~.html,互联网,A轮,500-999人,"['Python', 'Java', '数据处理', '数据分析']",五险一金，交通补助，员工旅游，通讯补贴，零食下午茶，餐补，定期体检，带薪年假，年终奖，节日福利，包吃
257,数据分析员,/job_detail/20703fa4d1ed08551XVz0t-9FlJT.html,武汉·江汉区·常青,5-8K·13薪,1-3年,大专,零点有数,/gongsi/c8bb307ac58582de1XRy0ti8FVo~.html,数据服务,,500-999人,"['Python', 'SQL', '自然语言处理', '深度学习算法', '机器学习算法', '聚类分析', 'SAS']",
258,大数据开发工程师,/job_detail/7ba47e2763f4b9700Hxy2NW4GVQ~.html,武汉·江夏区·藏龙岛,12-20K,1-3年,硕士,数慧时空,/gongsi/80f11378239f60731HRy09i-.html,互联网,未融资,100-499人,"['数据分析', 'Spark', '人工智能']",带薪年假，加班补助，五险一金，通讯补贴，定期体检，餐补，年终奖，节日福利，交通补助
259,大数据产品经理,/job_detail/01af24c2e7ae86431nF72d20ElRR.html,武汉·武昌区·徐东大街,14-20K·15薪,3-5年,本科,武汉交控,/gongsi/99bb7ef5f98c54711nd_3N68FlE~.html,通信/网络设备,已上市,1000-9999人,"['产品设计', '需求分析', '市场调研', '数据分析', 'Axure']",补充医疗保险，带薪年假，节日福利，年终奖，定期体检，五险一金
260,大数据开发工程师,/job_detail/56adb6182ac2b60d1nV62ty9F1RR.html,武汉·江岸区·永清,15-20K·13薪,5-10年,本科,小码联城,/gongsi/461bdb25818217100HJ629i1.html,移动互联网,A轮,100-499人,"['数据仓库', '数据分析', '架构师', '大数据', 'BI', '地图导航']",年终奖，带薪年假，全勤奖，五险一金，补充医疗保险，员工旅游，定期体检
261,不加班数据采集专员,/job_detail/c551a8b2f4a79df21nx-2Nm4E1pX.html,武汉·洪山区·光谷,4-6K,经验不限学历,不限,思明德,/gongsi/8e908d4f2e265eca1nx529-5ElY~.html,广告营销,,20-99人,['数据分析'],
262,大数据开发工程师,/job_detail/2314c5481853221e0HRz0tS1FlU~.html,武汉·武昌区·杨园,10-15K,3-5年,本科,欣海远航,/gongsi/e5906d7e0429b5121nBz3tu-Eg~~.html,交通/运输,未融资,20-99人,"['数据仓库', 'ETL', '数据挖掘', '数据分析']",节日福利，年终奖，加班补助，五险一金，带薪年假，住房补贴，交通补助
263,地理信息数据外业采集员,/job_detail/4a3049d3ac7abc441nN63dq9FFM~.html,武汉·新洲区·阳逻,3-6K,经验不限,高中,会益堂科技,/gongsi/0237a398c43f14191nZz29S_GQ~~.html,数据服务,未融资,20-99人,"['数据清洗', '数据分析', '数据传输']",
264,大数据产品经理,/job_detail/61ee1f58976ff11e1nJ83NW6EVBX.html,武汉·洪山区·花山,8-13K·13薪,3-5年,本科,易久批,/gongsi/43fd60ccb19c00ef1nV509-6FVs~.html,批发/零售,D轮及以上,1000-9999人,"['产品设计', '数据分析', '需求分析', '使用场景分析', '大数据产品', 'B端产品', 'TO B']",带薪年假，年终奖，股票期权
265,数据分析员（周末双休）,/job_detail/09db56f9b0764aca1nxy2dq5F1pW.html,武汉·江夏区·关山,3-7K,经验不限,本科,立信数据,/gongsi/e735fe1847f2979e1nRy29i_FFo~.html,咨询,未融资,100-499人,"['Excel', 'SPSS', 'SAS']",五险一金，带薪年假，资历工资，全勤奖，节日福利
266,财务分析专员,/job_detail/14ee7dbf47bfaff01XZ72du0FFBW.html,武汉·江夏区·关山,8-12K,经验不限学历,不限,左点实业,/gongsi/0e6c3c99ddc731f91HF62d60EA~~.html,医疗健康,A轮,100-499人,"['数据分析', '财务数据收集', '财务数据分析']",五险
267,游戏分析运营,/job_detail/38f758804af50b011Xd72d29FlBW.html,武汉·洪山区·黄家湖大学城,7-9K,1-3年,本科,法本,/gongsi/95b4b47ef9141c671nd52ty_.html,计算机软件,已上市,10000人以上,"['数据分析', '用户研究']",企业文化，定期体检，节日福利，零食下午茶，加班补助，员工旅游，年终奖，全勤奖，带薪年假，五险一金
268,医学分析师,/job_detail/5a83aa43942837b21XVz2du5F1pW.html,武汉·洪山区·光谷,6-11K,在校/应届,本科,阿吉安,/gongsi/3a141a7a7ae7323b1Hd53Nq0Eg~~.html,医疗设备/器械,A轮,100-499人,"['生物工程', '基因检测', '数据分析']",通讯补贴，员工旅游，交通补助，五险一金，节日福利，餐补，年终奖，零食下午茶，定期体检，带薪年假
269,数据维护实习生,/job_detail/bbac24884b444ae21nd73Nm0EVJW.html,武汉·洪山区·光谷,100-120元/天,4天/周3个月,本科,车来了,/gongsi/fdd3ffa1c1b6f9f21XN_0ti7.html,移动互联网,C轮,100-499人,"['数维维护', '数据分析']",带薪年假，年终奖，员工旅游，加班补助，节日福利，定期体检，通讯补贴，补充医疗保险，零食下午茶，交通补助，餐补，五险一金
270,生物信息分析工程师,/job_detail/85bdfe0d1a89b87f3n190tu9ElE~.html,武汉,9-14K·13薪,1-3年,硕士,厦门联合呼吸健康...,/gongsi/310e3d24319683fe1nR83tq5F1Y~.html,非盈利机构,不需要融资,100-499人,"['微生物', '生物信息', '数据分析', '16s', 'ITS', '宏基因组']",年终奖，定期体检，节日福利，五险一金，带薪年假，零食下午茶，全勤奖
271,图像分析、标注员（实习）,/job_detail/7ba0ec4275048ba31XZ72t64GVBR.html,武汉·洪山区·鲁巷,3-4K,经验不限,大专,网旭科技,/gongsi/750e3438818657563nJ_3d-9.html,互联网,不需要融资,100-499人,"['Python', '数据分析']",五险一金，年终奖，加班补助，带薪年假，零食下午茶，交通补助，员工旅游，定期体检，餐补，全勤奖，节日福利
272,分析员，研究部 - 武汉,/job_detail/4df6d713e0d4b87b1nJ72di6E1ZR.html,武汉·武昌区·水果湖,8-13K,1-3年,本科,世邦魏理仕,/gongsi/c21837fe023554901Hd43t27.html,工程施工,已上市,1000-9999人,"['办公地产', '综合体', '产业地产', '工业地产', '地产策划', '市场调研', '数据分析']",五险一金，补充医疗保险，绩效奖金，节日福利，定期体检，加班补助，带薪年假，年终奖
273,高级BI报表工程师,/job_detail/588d30ea6ed638940nxy3du4EFo~.html,武汉·江岸区·堤角,8-10K,1-3年,本科,湖北行远信息技术,/gongsi/d9c68aeba7b66edf0nx-0tW0Fw~~.html,计算机软件,,20-99人,"['数据分析', 'ETL', 'SQL', 'Oracle', '商业智能']",
274,产品数字化运营工程师（武汉）,/job_detail/6814a2c37f67a9493nx-3tS7EVQ~.html,武汉·江夏区·光谷东,10-15K·14薪,1-3年,本科,迈瑞医疗,/gongsi/f5b2eb99a5e5cdd733x729-6Fg~~.html,医疗设备/器械,已上市,10000人以上,"['数据采集', '数据治理', '数据分析', '数据架构师', '系统集成工程师', '数据结构', '数据挖掘']",节日福利，定期体检，带薪年假，交通补助，补充医疗保险，五险一金，餐补，加班补助，住房补贴，员工旅游，免费班车，年终奖
275,数据运营,/job_detail/b429d7c95b943a5b0HZ839y8E1c~.html,武汉·江夏区·光谷,5-6K,1-3年,本科,今日头条,/gongsi/a67b361452e384e71XV82N4~.html,移动互联网,D轮及以上,10000人以上,"['数据分析', '数据运营', '运营专员', '商业分析', '大数据', '行业数据分析']",员工旅游，补充医疗保险，节日福利，免费班车，全勤奖，交通补助，五险一金，带薪年假，住房补贴，通讯补贴，加班补助，股票期权，年终奖，定期体检，零食下午茶，包吃
276,数据开发,/job_detail/975fa5b4cc3c79c833Zz2t-8GVQ~.html,武汉·硚口区·宝丰崇仁,5-9K·13薪,1年以内,本科,爱给网,/gongsi/2333eccb6f23527d1Xxz2t-7Eg~~.html,移动互联网,天使轮,20-99人,"['数据分析', 'MySQL']",定期体检，股票期权，零食下午茶，五险一金，带薪年假，年终奖，员工旅游
277,数据产品经理,/job_detail/d0f126a80fc6c0831nF909y5FFtQ.html,武汉·洪山区·花山,12-18K·16薪,3-5年,硕士,招商证券,/gongsi/b51adeb092453c9b1XN-3Nw~.html,互联网金融,已上市,10000人以上,"['产品设计', '用户研究', '数据分析', '数据产品', 'Axure', 'TO B', '需求分析', 'APP运营经验']",五险一金，补充医疗保险，节日福利，餐补，交通补助，带薪年假，通讯补贴，员工旅游，年终奖，定期体检，住房补贴，加班补助
278,腾讯大数据交付架构师（武汉）,/job_detail/c2d6b6b3c6c902143nd60tS8FFs~.html,武汉·江夏区·纸坊,30-60K,经验不限,本科,腾讯,/gongsi/2e64a887a110ea9f1nRz.html,互联网,不需要融资,10000人以上,"['数据仓库', '数据治理', '数据分析', '数据架构师']",免费班车，住房补贴，免费早晚餐，带薪年假，定期体检，餐补，零食下午茶，免费健身房，年终奖，包吃，交通补助，五险一金，节日福利，员工旅游，公仔周边活动，股票期权，补充医疗保险
279,数据产品经理,/job_detail/f5b560c81fb907cd1XN52t-5FFo~.html,武汉·武昌区·武泰闸,10-15K,3-5年,本科,武汉精臣智慧标识,/gongsi/a4adbff4d3af85fe1nJ82NS8FA~~.html,电子商务,不需要融资,500-999人,"['数据分析', '数据运营', '职能数据报表']",股票期权，零食下午茶，员工旅游，全勤奖，带薪年假，包吃，年终奖，通讯补贴，节日福利，五险一金，餐补
280,大数据产品经理,/job_detail/ff793804e15e25701n150tu_GVFZ.html,武汉·洪山区·光谷,15-25K·13薪,3-5年,本科,任子行,/gongsi/91f4385b2ffdf0ff1XVy09m5.html,计算机软件,已上市,1000-9999人,"['产品设计', '需求分析', '数据分析', '数据产品', '大数据产品']",五险一金
281,临床数据分析,/job_detail/6fca6884166bfc0e1XV709S8FFVV.html,武汉·洪山区·光谷,10-15K·13薪,1-3年,本科,良培基因,/gongsi/55518a95a6b173530nZ82d-7GA~~.html,检测/认证,,20-99人,"['Python', 'R语言', 'unix', 'linux', 'NGS平台数据']",
282,大数据产品经理,/job_detail/3a9d848aae38104c1n1z2Ny5F1pW.html,武汉·汉阳区·沌口,25-35K·15薪,3-5年,本科,上海悦策供应链管理,/gongsi/a9eab3149812c61503V-2tm-Ew~~.html,基金,,20-99人,"['数据分析', '需求分析', 'SQL', 'Visio', 'MindManager']",年终奖，带薪年假，员工旅游，五险一金，餐补
283,初级数据分析师,/job_detail/ec30d6002db7b3331nN-29m1E1RQ.html,武汉·武昌区·徐东大街,5-7K·13薪,1年以内,本科,多准数据,/gongsi/3a7cc1ebf01b8cd41X1439q4.html,数据服务,不需要融资,100-499人,"['电商', 'Tableau', 'PowerBI', '电商类产品']",补充医疗保险，零食下午茶，员工旅游，节日福利，五险一金，年终奖，带薪年假，定期体检
284,临床数据分析,/job_detail/934718954c68d4e31XR62tq6FFJS.html,武汉·江夏区·光谷东,13-18K,经验不限,硕士,凯德维斯,/gongsi/e8189af5d56eddc01nB72tu4E1c~.html,医疗设备/器械,,20-99人,"['临床协调', '医药科研']",
285,游戏用研分析运营,/job_detail/4837c57c57922d761Xd72ti7GFNX.html,武汉·洪山区·黄家湖大学城,7-10K,1-3年,本科,法本,/gongsi/95b4b47ef9141c671nd52ty_.html,计算机软件,已上市,10000人以上,"['交互体验设计', '深度访谈', '用户研究', '数据分析', '游戏', '游戏用户研究']",节日福利，零食下午茶，定期体检，年终奖，加班补助，五险一金，企业文化，员工旅游，全勤奖，带薪年假
286,数据产品经理,/job_detail/4fd523d9dac879551nJ709u4GVtY.html,武汉·洪山区·花山,13-16K·16薪,1-3年,本科,招商证券,/gongsi/b51adeb092453c9b1XN-3Nw~.html,互联网金融,已上市,10000人以上,"['数据分析', '大数据产品', '金融产品']",员工旅游，定期体检，通讯补贴，五险一金，加班补助，餐补，带薪年假，年终奖，节日福利，补充医疗保险，交通补助，住房补贴
287,数据产品经理,/job_detail/56768b86e975d1b31nJ_2dS6F1VW.html,武汉·武昌区·汉街,8-13K,1-3年,本科,中诚信征信,/gongsi/22bc726af5f8fb761X1_3tk~.html,互联网金融,不需要融资,100-499人,"['产品设计', '需求分析', '数据分析', 'Visio', 'MindManager']",年终奖，周五福利，五险一金，补充医疗保险，带薪年假，节日福利，零食下午茶，员工旅游，定期体检
288,京东物流招聘供应链专员,/job_detail/cc66ccf99796e0511XZ-29q-FFZY.html,武汉·蔡甸区·蔡甸周边,5-6K,1-3年,大专,京东物流,/gongsi/951e8bf16e0821e40HR909i1Fw~~.html,物流/仓储,已上市,10000人以上,"['环境好', '餐补', '高温补贴', '五险']",加班补助，年终奖，餐补，五险一金，补充医疗保险，带薪年假，节日福利，餐补，交通补助，免费班车，股票期权，定期体检
289,大数据产品经理,/job_detail/69dd59c205fb14921XV82dW1GFNR.html,武汉·江夏区·藏龙岛,12-16K·13薪,3-5年,本科,丽迅科技,/gongsi/15da07d48a69bfb61n1y3Ny1E1Q~.html,互联网,不需要融资,100-499人,"['产品设计', '数据分析', 'Visio', '大数据产品']",定期体检，五险一金，团建聚餐，免费工装，生日福利，零食下午茶，节日福利，带薪年假，年终奖
290,商品需求/价格管理岗,/job_detail/e2ef06592794e4e61XR-3t24E1NR.html,武汉·东西湖区·金银湖,15-20K·14薪,3-5年,本科,良品铺子,/gongsi/228e4ad4d1abb4be1nV_3924FQ~~.html,其他行业,已上市,10000人以上,"['经营分析', '价格分析', '数据分析']",五险一金，节日福利，年终奖，加班补助，带薪年假，全勤奖，绩效工资，级别奖，定期体检
291,数据产品经理,/job_detail/ff1c17253385e2aa1nR83du5FFdR.html,武汉·洪山区·光谷,15-30K,5-10年,大专,刀锋互娱,/gongsi/d34a84003df35b413nR409W-.html,互联网,A轮,500-999人,"['数据产品', '对话产品', '大数据产品', '推荐产品', '数据分析', '广告', '投放']",零食下午茶，节日福利，周末双休，员工旅游，加班补助，全勤奖，定期体检，年终奖，带薪年假
292,大数据分析师,/job_detail/3ab0f858455da8d61nF63926FFNU.html,武汉·江汉区·常青,18-25K,3-5年,本科,恒安嘉新,/gongsi/f367cdf3fe9555ce1X150tq7.html,互联网,D轮及以上,1000-9999人,"['Scala', 'spark', 'hadoop', '机器学习']",节日福利，员工旅游，带薪年假，定期体检，五险一金，年终奖，股票期权
293,经营分析岗,/job_detail/11a279e0b37731591nV639y4FldR.html,武汉,7-12K·14薪,1-3年,本科,京东物流-华中区域,/gongsi/231e24eb521feef21HR72964.html,物流/仓储,已上市,10000人以上,"['数据分析', 'SQL', 'Python']",餐补，年终奖，节日福利，五险一金，带薪年假
294,经营分析主管,/job_detail/42cb2d64a64288861XR_3N-9ElBZ.html,武汉,10-15K·15薪,经验不限学历,不限,京东物流,/gongsi/951e8bf16e0821e40HR909i1Fw~~.html,物流/仓储,已上市,10000人以上,"['数据分析', 'SQL，EXCEL', 'POWERBI', '数据报表']",定期体检，餐补，节日福利，加班补助，交通补助，免费班车，五险一金，带薪年假，股票期权，年终奖，餐补，补充医疗保险
295,数据产品经理 (MJ000102),/job_detail/ee5b9a7870770d711XZ_0966GVtW.html,武汉·洪山区·光谷,18-30K,经验不限,本科,刀锋互娱,/gongsi/d34a84003df35b413nR409W-.html,互联网,A轮,500-999人,['数据分析'],定期体检，年终奖，节日福利，员工旅游，全勤奖，带薪年假，周末双休，加班补助，零食下午茶
296,数据分析岗,/job_detail/fe1168a35d1015eb1XV729W7EVNQ.html,武汉,5-7K,经验不限,大专,京东物流-华中区域,/gongsi/231e24eb521feef21HR72964.html,物流/仓储,已上市,10000人以上,"['Excel', '描述统计', '数据分析，质控']",节日福利，五险一金，餐补，年终奖，带薪年假
297,数据挖掘分析师,/job_detail/8ecad235686d7f951nN72NS5FFFX.html,武汉·洪山区·光谷,15-30K,5-10年,本科,刀锋互娱,/gongsi/d34a84003df35b413nR409W-.html,互联网,A轮,500-999人,"['推荐算法', 'Python', '自然语言处理', '数据挖掘']",加班补助，节日福利，员工旅游，零食下午茶，周末双休，带薪年假，定期体检，年终奖，全勤奖
298,高级数据产品经理,/job_detail/264a6c2faea27a101nJ_29m-FVpV.html,武汉·洪山区·光谷,20-35K·15薪,3-5年,本科,斗鱼,/gongsi/9459ad5584af2d781Xd42Nq6.html,互联网,已上市,1000-9999人,"['数据分析', '平台产品', '商业产品', '大数据产品', '推荐产品', '内容产品']",定期体检，股票期权，零食下午茶，带薪年假，五险一金，节日福利，年终奖，补充医疗保险，餐补
299,商业数据分析师 (MJ000072),/job_detail/41bb9f201499ffe81XZ_2tm5FldX.html,武汉·洪山区·光谷,15-25K,3-5年,本科,刀锋互娱,/gongsi/d34a84003df35b413nR409W-.html,互联网,A轮,500-999人,"['PowerBI', '商业数据分析']",全勤奖，员工旅游，周末双休，年终奖，带薪年假，加班补助，零食下午茶，节日福利，定期体检
